X,Y,id,gen,feb,mar,apr,mag,giu,lug,ago,sett,ott,nov,dic,_LATITUDE,_LONGITUDE,_ELEVATION,_STATE,tot_mesi
-120.9447,41.1936,USC00040029,31.44,32.93,33.43,42.08,34.89,13.73,1.55,4.87,6.73,25.01,46.45,68.17,41.1936,-120.9447,1278.6,CA,341.28
-116.7775,32.8358,USC00040136,63.13,93.12,34.25,30.93,6.73,0.38,1.85,0.81,3.72,25.61,32.12,60.5,32.8358,-116.7775,516.6,CA,353.15
-120.5528,41.4931,USC00040161,25.97,25.6,26.77,31.6,34.7,11.91,2.6,6.69,8.93,24.42,44.44,42.16,41.4931,-120.5528,1341.1,CA,285.79
-117.8425,33.8647,USC00040192,87.71,87.84,22.55,20.97,8.79,0.66,1.3,0.3,1.5,27.38,31.46,72.73,33.8647,-117.8425,102.1,CA,363.19
-122.4406,38.5731,USC00040212,160.97,180.26,103.8,64.99,42.19,3.77,0.44,0.79,2.29,57.17,98.26,297.25,38.5731,-122.4406,522.7,CA,1012.18
-121.7458,37.9856,USC00040232,56.91,50.01,44.41,22.8,5.03,0.49,0,0.89,0.33,15.13,27.02,94.61,37.9856,-121.7458,18.3,CA,317.63
-118.8253,36.4914,USC00040343,112.47,120.5,68.75,88.2,26.86,3.06,1.78,1.16,3.22,35.54,61.43,133.07,36.4914,-118.8253,520.6,CA,656.04
-119.5128,37.0919,USC00040379,102.17,108.63,65.51,55.84,28.78,3.46,0.52,1.66,2.3,36.44,47.63,152.26,37.0919,-119.5128,637,CA,605.2
-121.0839,38.9072,USC00040383,133.21,133.73,112.02,87.47,39.25,4.59,0.1,1.04,4.22,51.88,69.32,223.17,38.9072,-121.0839,393.8,CA,860
-116.0628,35.2761,USC00040436,13.1,29.19,8.71,3.31,0.97,0.1,3.16,9.26,10.75,7.11,7.09,17.81,35.2761,-116.0628,293.2,CA,110.56
-119.0883,36.9092,USC00040449,131.06,124.33,87.43,76.6,31.53,2.59,0.93,0.1,1.83,39.89,56.87,162.27,36.9092,-119.0883,524.3,CA,715.43
-117.0219,34.8928,USC00040521,19.72,29.07,12.96,7.6,0.69,0.03,9.7,5.03,4.4,12.56,16.6,31.74,34.8928,-117.0219,676.7,CA,150.1
-122.0797,37.0856,USC00040673,204.37,231,128.69,108.06,23.59,3.85,0.03,0.11,2.65,75.5,119.91,374.86,37.0856,-122.0797,128,CA,1272.62
-122.2606,37.8744,USC00040693,100.78,128.87,73.74,50.23,20.94,3.14,0.16,0.21,3.6,34.98,60.67,189.62,37.8744,-122.2606,94.5,CA,666.94
-123.2078,40.7406,USC00040738,134.98,120.23,82.85,65.66,47.11,17.64,2.47,8.31,6.74,59.72,113.38,233.51,40.7406,-123.2078,381.9,CA,892.6
-116.9039,34.2442,USC00040741,126.87,81.51,41.92,24.87,6.85,2.97,10.36,23.96,11.78,29.67,42.32,115.69,34.2442,-116.9039,2060.4,CA,518.77
-121.7803,36.2472,USC00040790,193.09,205.81,125.67,86.26,24.23,1.09,0.23,0.21,3.13,67.22,83.72,328.31,36.2472,-121.7803,61,CA,1118.97
-114.5972,33.6131,USC00040924,15.89,18.9,10.22,0.93,1.78,0.03,5,4.65,5.26,4.43,3.85,11.87,33.6131,-114.5972,81.7,CA,82.81
-120.0936,39.3886,USC00040931,70.53,59.63,56.57,44.06,20.19,7.31,8.42,5.82,6.37,39.66,52.72,135.88,39.3886,-120.0936,1699.3,CA,507.16
-119.0142,38.2119,USC00040943,42.92,27.87,23.91,32.84,10.74,9.06,17.28,10.2,3.19,15.2,21.75,55.9,38.2119,-119.0142,2551.2,CA,270.86
-116.4144,33.2314,USC00040983,25.35,32.82,10.75,2.89,0.18,0.56,4.86,4.95,2.64,10.13,7.47,29.87,33.2314,-116.4144,245.4,CA,132.47
-115.5581,32.9544,USC00041048,10.98,15.68,6.01,2.24,0.09,0,2.77,1.39,1.22,9.24,4.73,10.33,32.9544,-115.5581,-30.5,CA,64.68
-119.2286,38.2575,USC00041072,28.23,44.62,11.8,17.95,10.37,4.47,8.32,7.71,6.93,12.66,27.51,60.67,38.2575,-119.2286,1972.1,CA,241.24
-121.6547,40.8803,USC00041214,98.72,109.6,78.95,72.49,39.28,13.94,4.95,6.55,9.66,35.45,68.49,175.92,40.8803,-121.6547,974.8,CA,714
-119.4731,35.4047,USC00041244,23.23,28.03,13.89,15.24,4.37,0,0.28,0.28,0.1,9.22,9.75,33.86,35.4047,-119.4731,82,CA,138.25
-119.9817,34.5825,USC00041253,143.84,111.02,47.51,34.09,12.76,0.56,0.18,0.08,0.97,30.7,35.63,112.65,34.5825,-119.9817,238.7,CA,529.99
-120.3114,38.2769,USC00041277,188.48,209.95,161.78,148.58,68.04,9.24,0.25,3.43,4.19,84.97,131.97,327.71,38.2769,-120.3114,1431,CA,1338.59
-122.6014,38.5961,USC00041312,157.32,176.45,113.59,69.85,42.64,2.12,0.13,0.02,2.74,58.87,80.31,289.58,38.5961,-122.6014,121.9,CA,993.62
-122.8045,41.3111,USC00041316,74.7,56.94,42.26,38.05,26.81,11.35,9.38,10.24,5.34,37.77,64.25,140.96,41.3111,-122.8045,970.8,CA,518.05
-120.8433,38.2486,USC00041428,84.76,85.49,69.44,60.94,24.52,4.62,0.03,1.02,3.92,26.93,47.61,129.29,38.2486,-120.8433,200.6,CA,538.57
-118.5744,34.1819,USC00041484,105.69,129.65,34.59,20.41,9.31,0.13,0.18,0.15,0.51,28.72,22.9,82.31,34.1819,-118.5744,240.8,CA,434.55
-121.0883,40.1703,USC00041497,121.4,145.87,104.93,79.39,46.39,10.05,1.44,5.14,6.92,52.61,92.2,230.14,40.1703,-121.0883,1389.9,CA,896.48
-123.1392,41.1417,USC00041606,110.4,89.4,105.96,66.57,49.83,20.17,12.55,6.78,5.44,59.3,131.73,255.1,41.1417,-123.1392,704.1,CA,913.23
-120.1803,41.5306,USC00041614,26.26,21.82,28.6,34.08,32.27,8.43,4.16,5.9,6.73,24.04,44.07,55.12,41.5306,-120.1803,1408.5,CA,291.48
-119.9161,37.9747,USC00041697,177.82,195.18,140.68,117.82,63.51,5.59,2.58,5,6.99,96.18,113.52,293.49,37.9747,-119.9161,1452.4,CA,1218.36
-121.2422,40.3033,USC00041700,125.72,115.75,86.96,76.51,43.29,9.5,5.44,3.84,4.21,49.26,81.09,206.73,40.3033,-121.2422,1380.7,CA,808.3
-121.8211,39.6911,USC00041715,103.02,99.27,77.82,49.98,22.72,5.77,0.71,1.35,2.79,36.15,67.55,97.1,39.6911,-121.8211,56.4,CA,564.23
-117.0858,32.64,USC00041758,48.65,61.31,17.48,16.26,4.05,0.03,0.17,0,0.43,22.58,9.07,44.42,32.64,-117.0858,17.1,CA,224.45
-122.5672,38.9239,USC00041806,150.5,146.04,77.63,59.54,25.35,2.16,0.2,2.89,1.18,31.76,72.83,222.89,38.9239,-122.5672,411.2,CA,792.97
-123.0175,38.8,USC00041838,190.6,183.73,113.16,80.04,36.62,3.01,0.25,0,0.76,58.13,116.33,295.88,38.8,-123.0175,100.6,CA,1078.51
-120.3606,36.1356,USC00041864,51.04,42.49,23.51,11.31,9.37,0.51,0.15,0.53,2.03,8.09,11.43,41.38,36.1356,-120.3606,204.2,CA,201.84
-120.9481,39.0911,USC00041912,131.46,169.45,124.92,93.93,49.27,7.21,0.08,3.16,4.84,59.25,108.03,265.15,39.0911,-120.9481,725.4,CA,1016.75
-122.0269,39.1875,USC00041948,84.3,66.86,37.75,30.18,17.03,2.71,0.41,1.65,2.72,24.76,44.16,104.35,39.1875,-122.0269,15.2,CA,416.88
-122.0692,37.9833,USC00041967,69.08,85.5,45.12,37.21,12.11,0.41,0,0.51,0.88,21.31,45.2,132.15,37.9833,-122.0692,12.2,CA,449.48
-119.5817,36.0975,USC00042012,36.52,29.37,17.43,18.67,8.42,0.28,0.03,0.66,1.37,9.85,13.73,37.5,36.0975,-119.5817,61,CA,173.83
-123.2444,39.8158,USC00042081,161,145.15,97.96,89.91,41.64,13.38,1.14,4.71,3.7,55.18,116.75,297.58,39.8158,-123.2444,430.7,CA,1028.1
-124.2147,41.7958,USC00042147,259.62,209.49,219.15,164.73,74.78,51.5,5.48,11.98,23.55,109.81,245.81,436.01,41.7958,-124.2147,13.1,CA,1811.91
-118.4136,34.0053,USC00042214,60.79,99.44,32.35,13.05,8.72,0.13,0.23,0,1.55,16.43,21.62,72.08,34.0053,-118.4136,20.7,CA,326.39
-116.5872,32.9897,USC00042239,120.77,163.91,80.69,67.21,12.83,0.1,9.77,10.24,6.44,79.77,56.15,153.29,32.9897,-116.5872,1414.3,CA,761.17
-121.7761,38.535,USC00042294,81.65,86.98,43.62,34.6,9.25,3.1,0.3,2.13,1.7,24.95,48.94,124.99,38.535,-121.7761,18.3,CA,462.21
-116.8669,36.4622,USC00042319,12.54,19.5,2.27,3.08,0.12,1.86,1.38,2.3,6.2,2.26,5.49,7.28,36.4622,-116.8669,-59.1,CA,64.28
-117.9803,37.3739,USC00042331,17.49,37.32,9.01,7,11.54,0.33,30.12,18.71,4.79,8.99,16.28,16.73,37.3739,-117.9803,1592.6,CA,178.31
-121.6108,39.8717,USC00042402,243.59,290.76,170.5,159.03,73.88,14.44,2.05,1.04,8.09,101.79,157.49,447.59,39.8717,-121.6108,826,CA,1670.25
-121.2011,39.3575,USC00042456,115.68,162.87,137.63,84.09,60.42,7.47,0,5.34,6.99,65.34,126.87,283.05,39.3575,-121.2011,499.9,CA,1055.75
-120.2331,39.3239,USC00042467,90.02,145.22,117.27,72.73,51.72,8.97,2.24,5.39,5.07,54.02,98.74,253.81,39.3239,-120.2331,1809.6,CA,905.2
-120.8239,39.5633,USC00042500,209.61,225.23,200.06,146.41,89.64,13.47,0.03,5.18,7.57,94.3,166.06,394.81,39.5633,-120.8239,888.5,CA,1552.37
-120.0828,39.9717,USC00042506,25.45,26.26,24.76,24.19,15.39,8.68,1.57,4.89,3.17,25.32,38.53,85.98,39.9717,-120.0828,1338.1,CA,284.19
-122.2736,41.1833,USC00042574,235.51,252.09,171.67,125.97,76.08,31.35,3.4,4.62,11.49,97.46,173.28,452.67,41.1833,-122.2736,661.4,CA,1635.59
-115.4508,33.8089,USC00042598,17.01,19.46,5.89,1.29,0,0,7.71,11.92,4.5,6.41,3.82,18.83,33.8089,-115.4508,296.6,CA,96.84
-122.5178,39.3592,USC00042640,121.37,94.28,45.21,39.02,16.19,4.39,0.62,1.03,5.44,26.79,63.3,137.63,39.3592,-122.5178,367.3,CA,555.27
-120.0333,38.7833,USC00042671,171.46,170.35,100.9,138.33,72.13,27.99,6.76,13.59,18.52,103.95,115.99,263.73,38.7833,-120.0333,2240.3,CA,1203.7
-116.975,32.8139,USC00042706,48.47,66.78,30.79,21.55,3.02,0.48,8.48,0.57,0.98,24.02,26.81,65.01,32.8139,-116.975,123.4,CA,296.96
-116.8164,32.8839,USC00042709,64.59,94.91,48.97,35.36,7.23,0.36,0.85,0.02,0.83,30.48,29.24,81.68,32.8839,-116.8164,182.9,CA,394.52
-115.5617,32.7669,USC00042713,9.83,12.87,6.09,1.94,0.05,0,1.03,9.42,1.5,8.11,5.28,5.81,32.7669,-115.5617,-9.1,CA,61.93
-120.6706,38.3306,USC00042728,121.77,126.95,100.2,78.71,28.69,3.26,0.21,1.06,3.41,39.43,75.76,198.14,38.3306,-120.6706,217.9,CA,777.59
-117.6303,34.5892,USC00042771,21.64,34.71,10.02,7.25,0.85,0.35,5.81,5.42,4.13,12.1,11.35,18.37,34.5892,-117.6303,899.2,CA,132
-117.3319,33.6692,USC00042805,97.81,82.57,20.85,17.19,0.74,0,7.4,0.03,9.36,24.67,14.43,74.03,33.6692,-117.3319,391.7,CA,349.08
-117.0883,33.1211,USC00042863,65.69,93.97,29.56,30.8,6.5,0.99,2.31,3.71,0.34,26.84,19.15,70.4,33.1211,-117.0883,182.9,CA,350.26
-122.0678,38.2736,USC00042934,99.63,119.3,60.97,42.77,18.09,0.91,0,0.84,1.79,35.38,61.33,188.13,38.2736,-122.0678,12.2,CA,629.14
-118.4242,34.705,USC00042941,111.1,119.87,30.3,29.15,6.47,0.15,1.94,0.51,3.31,32.58,33.23,70.88,34.705,-118.4242,932.7,CA,439.49
-120.1561,36.3642,USC00043083,40.6,34.16,18.82,11.68,7.39,1.32,0,0.19,2.14,11.98,12.22,40.18,36.3642,-120.1561,86.9,CA,180.68
-120.09,41.52,USC00043157,52.76,42.85,46.13,43.5,30.56,13.11,1.23,6.52,7.58,28.62,55.35,86.94,41.52,-120.09,1442.3,CA,415.15
-123.7567,39.5092,USC00043161,167.88,174.42,126.72,107.09,41.16,19.94,1.57,1.43,6.45,66.13,114.35,284.19,39.5092,-123.7567,37.5,CA,1111.33
-122.0158,37.5422,USC00043244,58.67,71.16,53.59,34.42,8.85,1.04,0,0,2.57,20.01,35.66,95.79,37.5422,-122.0158,11.6,CA,381.76
-119.7072,36.9969,USC00043261,68.37,61.98,39.83,35.9,16.25,0.79,0.25,0.36,0.85,17.98,30.08,77.84,36.9969,-119.7072,125,CA,350.48
-121.5633,37.0067,USC00043417,87.84,95.95,51.73,38.63,11.44,2.16,0.06,1.95,1.92,22.16,36.85,127.44,37.0067,-121.5633,59.1,CA,478.13
-118.7006,35.7269,USC00043463,73.65,89.48,58.87,57.93,22.67,2.12,2.93,2.42,4.63,25.08,54.88,114.27,35.7269,-118.7006,957.1,CA,508.93
-114.8667,32.8833,USC00043489,15.16,22.81,12.31,1.2,2.26,1.98,5.55,2.26,2.56,8.75,4.9,13.4,32.8833,-114.8667,147.8,CA,93.14
-118.9631,36.7394,USC00043551,168.22,182.38,127.88,118.13,43.64,3.84,2.29,4.61,6.27,74.05,88.08,232.21,36.7394,-118.9631,2011.7,CA,1051.6
-121.0681,39.2042,USC00043573,163.57,200.81,153.24,121.37,63.5,8.89,0.1,5.11,7.55,71.97,123.51,354.31,39.2042,-121.0681,731.5,CA,1273.93
-122.8647,38.4306,USC00043578,175.72,177.11,95.55,73.19,35.63,4.92,0.29,0.09,1.74,69.07,101.42,301.99,38.4306,-122.8647,61,CA,1036.72
-123.9089,40.4864,USC00043647,192.07,194.77,171.63,134.48,53.97,17.41,0.6,2.74,5.93,72.72,162.14,399.28,40.4864,-123.9089,125.9,CA,1407.74
-117.9528,36.1389,USC00043710,41.81,43.77,6.83,5.51,2.33,2.26,4.51,6.83,4.75,11.16,15.43,34.59,36.1389,-117.9528,1165.9,CA,179.78
-122.4433,37.4725,USC00043714,106.01,119.78,77.77,55.36,24.17,6.83,5.14,4.77,5.57,33.89,59.25,178.05,37.4725,-122.4433,8.2,CA,676.59
-119.6369,36.3158,USC00043747,44.53,33.11,23.73,22.26,6.88,2.64,0.23,0.49,1.43,12.12,18.94,53.7,36.3158,-119.6369,72.2,CA,220.06
-121.5433,40.9317,USC00043824,60.93,56.81,43.42,51.72,35.85,12.92,2.27,5.37,7.34,24.63,53.96,85.58,40.9317,-121.5433,919,CA,440.8
-115.6289,33.7044,USC00043855,37.85,22.79,9.22,2.62,0,0,6.32,14.29,18.57,6.9,5.55,23.18,33.7044,-115.6289,417.6,CA,147.29
-122.8731,38.6175,USC00043875,185.81,190.54,114.76,82.11,48.04,3.63,0.1,0,1.37,66.67,100.59,317.27,38.6175,-122.8731,32.9,CA,1110.89
-116.8939,33.7381,USC00043896,55.93,65.23,23.78,20.26,3.81,0.05,5.69,0.1,3.55,20.79,21.9,52.54,33.7381,-116.8939,552,CA,273.63
-116.7614,33.2372,USC00043914,122.94,149.38,59.36,49.15,8.33,0.18,3.2,3.81,10.76,40.66,38.21,138.79,33.2372,-116.7614,823,CA,624.77
-119.7831,37.9614,USC00043939,136.83,137.07,107.28,107.44,62.6,5.43,5.91,5.85,6.39,67.63,96.03,203.73,37.9614,-119.7831,1179.6,CA,942.19
-121.4214,36.8483,USC00044025,70.62,58.75,48.74,31.32,8.38,1.32,0,0.21,2.27,19.87,29.24,75.5,36.8483,-121.4214,83.8,CA,346.22
-119.2206,37.2275,USC00044176,168.42,170.54,113.79,120.13,60.14,5.09,15.09,4.06,4.02,73.93,93.85,251.61,37.2275,-119.2206,2139.7,CA,1080.67
-116.7067,33.7572,USC00044211,94.03,146.06,54.43,45.37,7.3,0.95,2.96,6.35,15.21,33.56,52.85,117.7,33.7572,-116.7067,1639.8,CA,576.77
-115.5667,32.8489,USC00044223,11.42,13.65,7.33,1.89,0.14,0,0.6,5.81,2.43,7.92,5.99,7.63,32.8489,-115.5667,-19.5,CA,64.81
-118.2036,36.7981,USC00044232,32.48,21.16,4.73,2.54,2.2,1.4,4.35,2.31,2.14,6.04,20.9,42.96,36.7981,-118.2036,1204,CA,143.21
-116.2153,33.7086,USC00044259,12.71,15.08,3.3,0.48,0.12,0,0.02,2.92,0.02,9.02,4.06,21.61,33.7086,-116.2153,-6.4,CA,69.34
-117.8214,35.6514,USC00044278,24.42,35.89,7.04,1.09,0.36,1.27,5.83,2.5,3.93,5.24,10.53,34.61,35.6514,-117.8214,740.7,CA,132.71
-115.1219,34.1472,USC00044297,17.2,24.31,8.37,1.91,0.81,0,5.67,13.24,6.21,6.42,2.98,15,34.1472,-115.1219,281,CA,102.12
-120.2947,41.2683,USC00044374,40.89,29.18,39.93,66.25,63.11,37.42,7.18,11.24,11.19,33.83,56.95,72.55,41.2683,-120.2947,1645.9,CA,469.72
-122.5439,37.9569,USC00044500,180.55,201.86,108.63,77.51,35.62,3.74,0,0.08,2.01,64.57,98.62,355.53,37.9569,-122.5439,44.2,CA,1128.72
-118.4389,35.7831,USC00044523,51.08,56.16,29.28,20.27,7.64,1.85,2.95,3.61,5.11,17.15,38.09,64.03,35.7831,-118.4389,823.9,CA,297.22
-121.1378,36.2069,USC00044555,62.37,61.09,26,23.07,8.65,0.24,0.31,0.33,0.84,19.72,18.46,64.05,36.2069,-121.1378,97.5,CA,285.13
-124.0747,41.5786,USC00044577,275.47,252.57,252.43,177.95,78.88,48.5,6.08,9.62,23.73,123.05,277.51,491.59,41.5786,-124.0747,8.5,CA,2017.38
-117.7814,33.5453,USC00044647,74.71,95.96,25.64,23.96,5.32,1.88,0.81,0.16,3.15,21,20.21,79.43,33.5453,-117.7814,13.4,CA,352.23
-117.1883,34.2467,USC00044671,199.23,245.54,72.27,74.17,24.24,0.12,2.7,0.51,6.8,78.2,60.29,158.19,34.2467,-117.1883,1586.5,CA,922.26
-122.0039,38.4919,USC00044712,121.97,127.03,54.66,42.95,19.52,0.74,0.38,0.71,4.75,33.42,57.66,194.02,38.4919,-122.0039,57.9,CA,657.81
-120.6392,39.3183,USC00044713,260.28,280.97,214.52,156.63,92.82,19.66,1.21,7.4,10.32,107.42,191.38,489.19,39.3183,-120.6392,1571.5,CA,1831.8
-117.0233,32.7675,USC00044735,50.31,70.67,26.49,23.65,2.09,0.33,0.19,0.16,1.79,27.29,32.42,66.77,32.7675,-117.0233,161.5,CA,302.16
-121.5011,41.7019,USC00044838,36.45,46.38,34.69,30.41,30,30.77,6.23,9.2,7.94,24.75,50.21,38.24,41.7019,-121.5011,1453.9,CA,345.27
-119.1194,37.9567,USC00044881,66.38,58.34,27.36,21.1,13.68,5.47,8.01,13.13,4.41,26.24,38.61,102.47,37.9567,-119.1194,2071.7,CA,385.2
-119.0264,36.3817,USC00044890,61.26,56.92,35.73,43.56,16.32,0.84,0.45,0.05,1.02,18.87,33.72,80.93,36.3817,-119.0264,156.4,CA,349.67
-119.0545,36.2033,USC00044957,48.3,50.21,31.01,38.31,13.55,0.23,0.87,0.26,1.78,15.92,28.68,64.61,36.2033,-119.0545,132.6,CA,293.73
-121.7692,37.6922,USC00044997,52.62,63.98,42.77,30.86,9.86,0.71,0,0.74,3.65,22.29,35.96,91.03,37.6922,-121.7692,146.3,CA,354.47
-118.7325,36.6044,USC00045026,194.42,190.34,121.76,95.28,40.25,2.28,19.87,3.52,8.07,68.76,103.14,276.69,36.6044,-118.7325,2052.8,CA,1124.38
-121.2878,38.1061,USC00045032,68.83,71.32,52.02,43.79,12.3,2,0.18,0.87,3.45,27.99,47.83,120.46,38.1061,-121.2878,12.2,CA,451.04
-120.4514,34.6539,USC00045064,84.77,85.31,41.73,24.81,8.01,0.5,0.33,0.08,0.63,27.93,30.89,83.82,34.6539,-120.4514,29,CA,388.81
-120.8667,37.0564,USC00045118,43.59,40.85,21.95,18.72,9.02,0.31,0,0.3,2.98,13.22,20.45,53.54,37.0564,-120.8667,36.6,CA,224.93
-120.9297,36.9897,USC00045120,40.52,34.94,21.92,14.16,7.77,3.71,0.12,0.97,2.92,12.93,20.31,48.86,36.9897,-120.9297,124.1,CA,209.13
-121.9592,37.2319,USC00045123,118.58,113.31,60.78,48.64,9.95,1.11,0,0.05,1.37,27.98,51.25,148.53,37.2319,-121.9592,111.3,CA,581.55
-120.0378,36.9539,USC00045233,45.15,50.62,33.53,30.48,12.84,1.29,0.05,0.25,0.61,16.42,26.72,66.81,36.9539,-120.0378,82.3,CA,284.77
-121.5767,40.5411,USC00045311,113.32,98.84,89.15,117.06,76.28,12.45,10.28,5.7,13.97,78.88,114.62,204.35,40.5411,-121.5767,1752.6,CA,934.9
-122.1242,38.4917,USC00045360,130.45,142,65.51,49.66,22.37,1.04,0.1,0.58,1.66,32.51,61.22,197.71,38.4917,-122.1242,146.3,CA,704.81
-122.1142,38.0131,USC00045378,75.38,88.61,47.29,40.82,14.47,0.86,0.14,0,1.4,25.87,50.05,137.91,38.0131,-122.1142,12.2,CA,482.8
-121.5853,39.1458,USC00045385,88.31,77.42,50.9,49.98,18.16,1.74,0,1.36,1.7,34.93,52.06,125.37,39.1458,-121.5853,17.4,CA,501.93
-122.1383,41.2514,USC00045449,183.75,191.34,136.34,110.25,61.83,27.29,3.36,5.67,7.73,76.29,120.03,286.96,41.2514,-122.1383,999.7,CA,1210.84
-116.0767,33.5714,USC00045502,11.29,15.03,2.41,0,0.28,0,2.01,0.41,0.67,11.68,9.54,13.19,33.5714,-116.0767,-54.9,CA,66.51
-120.5117,37.2858,USC00045532,61.41,52.08,33.65,31.71,15.01,0.39,0,0.46,2.32,21.96,27.4,77.5,37.2858,-120.5117,46.6,CA,323.89
-121.6092,40.3458,USC00045679,178.89,192.09,146.5,111.93,68.91,19.03,2.18,4.37,12.07,84.55,149.29,376.92,40.3458,-121.6092,1485.9,CA,1346.73
-115.5469,34.9436,USC00045721,27.73,58.22,16.24,13.91,1.12,0,20.36,23.82,8.53,21.59,15.9,45.74,34.9436,-115.5469,1325.9,CA,253.16
-118.1619,35.0492,USC00045756,28.38,45.67,12.09,6.38,1.76,0,12.98,4.69,0.07,11.81,9.97,27.09,35.0492,-118.1619,833.6,CA,160.89
-118.1053,34.0192,USC00045790,98.04,85.82,31.67,18.23,8.38,0,0.05,0,0.81,6.72,30.56,81.75,34.0192,-118.1053,75,CA,362.03
-121.91,36.5903,USC00045795,92.95,88.29,64.83,43.47,12.09,2.39,1.53,1.73,2.83,26.95,40.45,124.82,36.5903,-121.91,117.3,CA,502.33
-121.8556,36.5928,USC00045802,76.53,74.32,56.14,33.77,9.62,1.43,0.5,0.93,2.17,22.03,34.25,94.35,36.5928,-121.8556,37.2,CA,406.04
-120.8456,35.3672,USC00045866,85.43,83.64,40.68,27.27,9.61,0.53,0.21,1.12,0.62,23.35,31.72,96.25,35.3672,-120.8456,35.1,CA,400.43
-121.9303,37.8792,USC00045915,99.28,104.16,68.11,52.51,26.09,1.67,0.21,0.18,2.06,38.17,59.28,159.58,37.8792,-121.9303,661.4,CA,611.3
-121.6425,37.3436,USC00045933,100.75,127.2,82.82,61.02,23.28,2.31,0.08,2.67,4.34,38.04,73.32,151.9,37.3436,-121.6425,1282,CA,667.73
-118.0711,34.2308,USC00046006,155.44,202.62,65.85,59.29,20.02,0.87,1.02,0,5.61,38.74,46.2,116.46,34.2308,-118.0711,1740.4,CA,712.12
-122.2647,38.2778,USC00046074,113.44,124.65,65.3,47.5,24.94,3.36,0,1.57,2.26,40.54,72.87,190.42,38.2778,-122.2647,10.7,CA,686.85
-121.0008,39.2467,USC00046136,196.61,237.08,179.76,149.98,75.61,14.12,0.56,4.68,8.04,83.06,146.81,421.8,39.2467,-121.0008,847.6,CA,1518.11
-122.0325,37.5147,USC00046144,56.76,61.95,44.19,32.55,8.33,1.1,0.03,0.06,1.9,16.41,29.2,83.45,37.5147,-122.0325,3,CA,335.93
-119.6828,34.9456,USC00046154,42.71,40.62,26.06,14.27,5.45,0,1.73,0.25,0.68,10.25,11.06,32.75,34.9456,-119.6828,658.4,CA,185.83
-118.5939,34.3933,USC00046161,118.89,131.48,33.92,25.7,5.51,0,0.05,0,3.19,26.13,21.87,86.58,34.3933,-118.5939,538,CA,453.32
-121.0178,37.2811,USC00046168,57.35,45.46,21.71,18.04,7.35,1,0,0.18,2.12,17.34,27.44,64.4,37.2811,-121.0178,27.4,CA,262.39
-120.4864,38.0047,USC00046174,128.59,113.91,93.08,74.02,31.06,1.47,0.13,1.94,6.19,37.63,68.99,182.07,38.0047,-120.4864,292.6,CA,739.08
-117.8803,33.6025,USC00046175,38.4,60.39,19.49,16.41,3.55,0.42,0.06,0.08,1.12,10.5,15.85,57.73,33.6025,-117.8803,3,CA,224
-118.525,34.2447,USC00046263,82.79,109.98,30.16,21.98,7.22,0.03,0.28,0,3.39,27.37,19.68,71.07,34.2447,-118.525,289,CA,373.95
-122.2642,37.7983,USC00046336,88.3,105.09,66.28,40.23,18.99,1.08,0,0,3.53,34.27,54.33,169.7,37.7983,-122.2642,9.1,CA,581.8
-122.9661,38.3858,USC00046370,224.81,215.44,112.29,107.97,58.43,7.3,0.31,0.15,1.38,71.72,137.09,423.04,38.3858,-122.9661,263.7,CA,1359.93
-117.395,33.2097,USC00046377,42.99,63.96,14.18,22.27,2.21,1,0.27,0.79,4.03,26.88,14.37,50.83,33.2097,-117.395,3,CA,243.78
-119.2275,34.4478,USC00046399,141.89,118.83,39.53,34.52,11.11,0.43,0.19,0,2.6,35.09,46.14,91.51,34.4478,-119.2275,227.1,CA,521.84
-124.0192,41.3619,USC00046498,233.26,193.57,197.48,151.19,68.62,45.02,4.83,7.91,15.02,101.13,210.81,381.56,41.3619,-124.0192,48.8,CA,1610.4
-122.1997,39.7458,USC00046506,110.49,99.21,49.93,43.63,21.54,6.51,1.29,2.62,5.26,29.12,53.58,140.16,39.7458,-122.1997,77.4,CA,563.34
-123.5317,41.3089,USC00046508,202.17,162.27,138.16,105.93,56.62,25.08,4.54,3.19,14.91,81.64,185.76,359.29,41.3089,-123.5317,122.8,CA,1339.56
-121.5531,39.5178,USC00046521,120.8,106.76,74.46,69.62,28.13,5.35,0,2.79,8.72,33.89,69.85,183.36,39.5178,-121.5531,52.1,CA,703.73
-119.1753,34.1981,USC00046569,83.48,88.63,28.73,18.16,4.57,0.07,13.54,1.33,2.06,23.69,34.94,74.36,34.1981,-119.1753,14.9,CA,373.56
-119.1375,34.2067,USC00046572,87.49,98.86,37.07,23.57,8.12,0.5,0.14,0.09,2.11,24.57,30.59,73.1,34.2067,-119.1375,15.8,CA,386.21
-122.4717,37.5917,USC00046599,121.47,161.74,86.4,59.59,22.35,2.6,0.06,0.97,4.34,43.2,68.01,230.45,37.5917,-122.4717,144.8,CA,801.18
-121.3492,36.715,USC00046610,75.2,74.29,47.85,34.28,8.44,0,0,0.51,1.12,17.39,35.57,117.62,36.715,-121.3492,275.8,CA,412.27
-118.0939,34.5883,USC00046624,35.31,54.23,15.41,11.85,1.72,0.28,2.52,0.36,3.45,20.31,12.09,38,34.5883,-118.0939,794.3,CA,195.53
-116.5097,33.8275,USC00046635,27.56,25.57,3.84,0.96,0,0,3.05,1.85,0.46,9.21,13.15,27.38,33.8275,-116.5097,129.5,CA,113.03
-122.1403,37.4436,USC00046646,57.81,65.83,46.25,29.72,10.09,0.65,0,0.07,0.51,20.42,32.93,99.49,37.4436,-122.1403,7.6,CA,363.77
-116.84,33.3781,USC00046657,144.46,180.72,61.66,55,10.77,0.25,7.24,5.58,8.08,44.77,40.33,177.42,33.3781,-116.84,1691.6,CA,736.28
-121.6239,39.7536,USC00046685,215.25,248.86,133.6,127.5,54.21,11.38,2.04,1.63,7.65,75.7,132.2,402.87,39.7536,-121.6239,533.4,CA,1412.89
-114.1708,34.2903,USC00046699,25.94,27.5,12.08,2.75,0.02,0.23,7.76,12.76,16.97,18.45,9.41,17.2,34.2903,-114.1708,224.9,CA,151.07
-118.1444,34.1481,USC00046719,127.28,147.79,42.14,33,8.85,2.17,0.23,0.24,6.59,35.67,31.36,113.78,34.1481,-118.1444,263.3,CA,549.1
-120.6856,35.6278,USC00046730,83.81,76.79,42.89,26.4,10.83,0.09,0.37,1.07,0.23,24.69,29.87,85.71,35.6278,-120.6856,222.5,CA,382.75
-117.8944,34.5028,USC00046773,25.87,53.07,13.93,7.11,2.61,0.56,4,1.24,1.37,16.22,14,29.35,34.5028,-117.8944,929.6,CA,169.33
-122.6078,38.2578,USC00046826,106.65,111.08,57.91,45.99,23.29,2.4,0.25,0.06,1.73,39.54,58.99,181.93,38.2578,-122.6078,6.1,CA,629.82
-121.1822,36.4817,USC00046926,99.65,83.7,53.88,31.86,11.7,0.21,0.87,0.24,2.52,19.98,29.52,102.73,36.4817,-121.1822,398.4,CA,436.86
-120.6831,35.1597,USC00046943,60.8,75.68,33.73,25.94,8.67,0.08,0.03,0.2,0.63,25.27,31.85,83.25,35.1597,-120.6831,11.9,CA,346.13
-120.8244,38.6956,USC00046960,136.27,145.72,131.46,92.85,40.19,5.91,0.06,2.59,4.84,50.42,94.87,220.2,38.6956,-120.8244,563.9,CA,925.38
-117.7658,34.0817,USC00047050,74.09,112.36,33.38,26.96,8.12,0.5,0.03,0,0.05,28.72,43.08,88.82,34.0817,-117.7658,317,CA,416.11
-119.02,36.0678,USC00047077,43.12,47.22,26.2,34.99,11.06,0.37,0.82,0.62,0.75,13.75,26.65,60.28,36.0678,-119.02,119.8,CA,265.83
-120.4719,39.8053,USC00047085,80.64,76.78,64.36,36.47,21.91,9.46,6.5,3.01,3.8,28.91,49.52,141.22,39.8053,-120.4719,1478.3,CA,522.58
-123.1286,39.3619,USC00047109,176.92,173.93,125.6,109.24,47.34,9.57,1.1,0.1,4.37,59.38,128.76,320.92,39.3619,-123.1286,310.3,CA,1157.23
-120.6953,36.1883,USC00047150,111.89,105.65,61.8,44.15,19.66,0.83,0.35,0.99,0.39,33.11,38.44,125.73,36.1883,-120.6953,701,CA,542.99
-116.9081,33.0114,USC00047228,68.04,94.93,35.97,29.12,7.05,0.23,0.53,0.48,1.82,25.92,32.06,72.37,33.0114,-116.9081,448.1,CA,368.52
-117.6525,35.3692,USC00047253,36.35,50.23,12.54,9.32,2.42,0.19,6.63,2.46,2.62,16.54,14.61,26.27,35.3692,-117.6525,1088.1,CA,180.18
-117.1894,34.0528,USC00047306,58.72,77.51,28.75,28.99,6.31,0.43,0.85,0.13,0.97,22.28,27.91,73.11,34.0528,-117.1894,401.7,CA,325.96
-122.2386,37.4767,USC00047339,78.78,83.71,52.98,36.98,8.36,0.84,0.03,0,1.96,29.63,34.77,136.92,37.4767,-122.2386,9.4,CA,464.96
-123.7931,40.0261,USC00047404,265.48,268.52,165.93,138.64,58.53,17.58,0,1.19,6.11,79.57,176.55,484.19,40.0261,-123.7931,153.3,CA,1662.29
-122.3772,37.9192,USC00047414,101.81,116.12,50.34,44.57,18.2,2.96,0,0,0.22,38.18,63.04,178.79,37.9192,-122.3772,6.1,CA,614.23
-117.3881,33.9511,USC00047470,41.4,67.29,20.89,25.28,2.56,0,1.57,2.29,0.46,19.93,20.53,53.97,33.9511,-117.3881,256,CA,256.17
-117.3614,33.9669,USC00047473,52.68,58.6,20.41,18.71,5.52,0.16,0.83,0,0.91,18.88,20.48,50.05,33.9669,-117.3614,300.5,CA,247.23
-120.2406,39.4317,USC00047641,88.37,105.75,89.74,68.52,41.94,8.6,4.45,7.45,6.45,57.78,77.8,214.19,39.4317,-120.2406,1931.5,CA,771.04
-122.4714,38.5067,USC00047643,148.67,163.33,97.78,60.97,41.5,1.81,0.31,0.51,1.81,46.44,94.15,257.09,38.5067,-122.4714,68.6,CA,914.37
-121.6656,36.6594,USC00047668,64.02,67.55,50.31,33.87,8.75,1.11,0.32,1.85,2.29,18.06,31.3,89.75,36.6594,-121.6656,13.7,CA,369.18
-120.2189,38.5006,USC00047689,166.98,170.19,142.57,128.17,71.24,12.05,2.29,0.43,7.96,89.71,124.1,285.04,38.5006,-120.2189,1127.8,CA,1200.73
-117.2539,34.1344,USC00047723,62.21,114.91,36.79,27.56,6.27,0.24,0.03,0.03,4.21,26.6,30.37,89.87,34.1344,-117.2539,347.5,CA,399.09
-122.5053,37.7281,USC00047767,86.09,101.9,52.17,40.03,14.03,3.84,0.32,0.16,1.2,29.01,57.07,149.47,37.7281,-122.5053,2.4,CA,535.29
-118.1,34.1061,USC00047785,86.74,121.94,39.42,21.41,7.64,0.99,0.21,0,3.18,28.23,33.16,86.35,34.1061,-118.1,137.2,CA,429.27
-122.3617,37.3117,USC00047807,115.65,145.05,94.57,63.52,23.31,7.12,2.55,2.88,3.6,41.23,66.01,189.25,37.3117,-122.3617,83.8,CA,754.74
-116.9583,33.7869,USC00047813,60.07,64.57,24.37,24.81,8.45,0,4.48,0.28,3.26,18.79,18.35,59.86,33.7869,-116.9583,475.5,CA,287.29
-121.9239,37.3592,USC00047821,63.83,80,49.33,42.42,10.63,0.87,0.06,0.13,1.32,19.77,31.04,91.1,37.3592,-121.9239,15.5,CA,390.5
-121.0578,37.0533,USC00047846,41.17,44.98,26.66,14.61,8.57,1.81,0,0.99,1.57,12.81,24.17,53.92,37.0533,-121.0578,84.4,CA,231.26
-120.665,35.3039,USC00047851,118.12,110.6,61.01,36.94,11.99,1.21,0.18,0.6,0.33,22.58,48.25,114,35.3039,-120.665,93.9,CA,525.81
-116.9975,33.0956,USC00047874,57.96,96.92,30.06,27.4,3.54,0.16,0.34,0.23,0.9,24.73,30.26,73.7,33.0956,-116.9975,128,CA,346.2
-122.5372,37.9983,USC00047880,149.13,157.39,84.21,56.29,21.96,1.68,0.03,0,1.53,44.47,82.48,278.71,37.9983,-122.5372,36.6,CA,877.88
-117.8667,33.7442,USC00047888,60.37,92.32,23.94,28.6,5.28,0.38,2.22,0.03,2.21,22.6,20.56,70.74,33.7442,-117.8667,41.1,CA,329.25
-119.6844,34.4167,USC00047902,109.95,94.6,53.86,33.51,9.84,1.3,0.08,0.34,1.32,33.02,45.03,104.93,34.4167,-119.6844,1.5,CA,487.78
-121.9911,36.9906,USC00047916,127.35,136.75,87.21,58.41,17.47,3.13,0.3,0.39,2.53,41.98,71.07,213.75,36.9906,-121.9911,39.6,CA,760.34
-118.4997,34.0075,USC00047953,68.82,92.95,24.11,13.21,5.3,0.49,0.24,0.15,1.42,16.7,18.9,57.96,34.0075,-118.4997,4.3,CA,300.25
-119.1331,34.3119,USC00047957,95.09,124.47,49.81,25.33,10.64,0.12,0.03,0,0.81,16.1,32.13,75.01,34.3119,-119.1331,72.2,CA,429.54
-122.6978,38.4381,USC00047965,122.51,128.39,79.93,55.54,37.82,4.36,0.64,0.14,1.66,46.67,79.33,235.51,38.4381,-122.6978,53,CA,792.5
-124.1036,40.4831,USC00048045,204.36,186.77,150.58,120.96,42.56,15.51,2.15,1.67,7.11,64.48,137.34,332.75,40.4831,-124.1036,41.5,CA,1266.24
-122.4161,40.7142,USC00048135,234.33,289.3,158.51,147.7,75.6,22.56,7.16,5.73,5.08,92.02,170.45,426.28,40.7142,-122.4161,327.7,CA,1634.72
-124.0728,40.0331,USC00048163,234.58,219.56,161.53,130.45,59.42,34.47,2.95,8.39,5.99,93.3,189.53,387.02,40.0331,-124.0728,75,CA,1527.19
-116.2708,35.9717,USC00048200,15.87,28.92,6.58,5.19,0.33,0.16,5.38,2,6.58,8.69,9.58,14.35,35.9717,-116.2708,471.2,CA,103.63
-120.6228,39.5678,USC00048207,196.79,297.24,178.26,139.17,78.71,14.39,0.5,5.25,8.01,133.81,188.82,419.34,39.5678,-120.6228,1292.4,CA,1660.29
-122.4622,38.2994,USC00048351,119.03,120.74,69.23,51.66,27.39,1.28,0.08,0,1.9,41.41,79.71,227.83,38.2994,-122.4622,29.6,CA,740.26
-120.3872,37.9672,USC00048353,121.09,129.68,106.04,89.49,33.61,2.28,0.36,4.25,5.43,43.02,88.36,203.24,37.9672,-120.3872,510.5,CA,826.85
-119.6331,37.5072,USC00048380,159.21,170.25,106.68,99.76,50.81,4.83,1.45,6.89,6.33,82.3,97.98,223.21,37.5072,-119.6331,1538.3,CA,1009.7
-123.7275,39.8778,USC00048490,276.58,199.62,189.84,161.82,60.75,17.38,0.08,9.01,4.77,99.18,196.99,449.07,39.8778,-123.7275,260,CA,1665.09
-121.3178,37.9994,USC00048560,73.56,62.26,50.3,47.17,10.26,1.08,0.05,0.76,2.64,22.93,47.17,116.43,37.9994,-121.3178,3.7,CA,434.61
-122.5339,39.5858,USC00048587,109.43,95.67,45.99,39.6,24.31,11.73,0.58,1.77,4.03,33.65,52.55,150.94,39.5858,-122.5339,243.8,CA,570.25
-121.1078,39.5631,USC00048606,292.06,317.52,235.67,185.29,105.78,18.03,0.93,6.99,9.53,116.13,211.78,563.37,39.5631,-121.1078,1160.7,CA,2063.08
-117.19,33.7156,USC00048655,51.07,83.61,18.09,25.61,6.05,0.04,1.09,0.28,0.77,16.71,7.14,44.17,33.7156,-117.19,432.8,CA,254.63
-120.6631,40.4167,USC00048702,43.91,39.01,34.33,14,10.08,6.02,2.1,1.52,1.65,25.86,31.54,41.51,40.4167,-120.6631,1275.3,CA,251.53
-119.43,35.1503,USC00048752,25.39,27.35,10.22,17.83,3.5,0.05,0.15,0.36,0.44,10.04,9.01,12.97,35.1503,-119.43,235.6,CA,117.31
-120.1428,39.1678,USC00048758,106.23,107.44,89.01,63.16,35.58,9.54,1.13,6.41,4.64,56.23,83.11,202.38,39.1678,-120.1428,1898.9,CA,764.86
-118.45,35.1333,USC00048826,25.18,40.89,20.05,26.21,11.74,1.81,3.5,3.2,0.58,22,34.03,59.42,35.1333,-118.45,1224.4,CA,248.61
-120.4333,40.8667,USC00048873,27.65,22.75,17.02,20.69,24.61,11.44,3.95,3.55,7.59,21.91,19.11,53.01,40.8667,-120.4333,1615.4,CA,233.28
-118.8619,36.465,USC00048917,96.58,105.75,65.57,68.96,24.32,2.67,0.81,0.52,3.01,30.74,50.22,136.54,36.465,-118.8619,347.5,CA,585.69
-120.4992,38.4461,USC00048928,177.92,169.59,144.33,127.37,70.37,4.78,0,2.28,7.41,79.51,111.74,335.59,38.4461,-120.4992,717.8,CA,1230.89
-121.5828,37.7967,USC00049001,48.8,53.76,27.41,22.33,10.49,0.57,0,0.23,3.44,17.49,32.73,79.87,37.7967,-121.5828,18.6,CA,297.12
-122.7947,40.7264,USC00049026,132.01,110.07,69.74,71.62,44.85,25.02,1.3,6.89,6.08,49.97,98.33,222.79,40.7264,-122.7947,567.2,CA,838.67
-117.3908,35.7636,USC00049035,19.92,28.97,3.99,2.42,0.48,0.28,2.94,2.64,1.25,8.14,10.45,19.77,35.7636,-117.3908,516.6,CA,101.25
-120.173,39.3331,USC00049043,105.19,97.81,92.8,64.66,29.9,12.97,3.63,9.01,5.92,46.76,68.93,180.97,39.3331,-120.173,1774.9,CA,718.55
-121.4744,41.96,USC00049053,28.64,26.45,20.92,27.85,25.77,12.56,3.42,4.27,5.5,21.83,35.36,36.83,41.96,-121.4744,1229.9,CA,249.4
-120.855,37.5006,USC00049073,51.06,49.08,33.07,22.55,10.24,0.5,0.18,0.14,1.91,15.21,24.75,69.71,37.5006,-120.855,35.1,CA,278.4
-117.7539,33.7025,USC00049087,70.33,96.76,27.81,23.79,6.74,0.62,0.09,0.04,0.94,24.36,22.23,71.51,33.7025,-117.7539,71.6,CA,345.22
-116.0369,34.1281,USC00049099,11.16,18.22,6.64,2.81,0.06,0,4.79,22.99,6.8,4.26,5.49,17.87,34.1281,-116.0369,602,CA,101.09
-120.0403,38.7086,USC00049105,130.62,163.51,114.92,102.05,74.78,12.15,9.71,8.4,14.09,68.86,116.05,271.13,38.7086,-120.0403,2438.4,CA,1086.27
-120.3211,34.9881,USC00049111,93.83,80.51,43.32,41.66,13.23,0.1,0.43,0.54,0.67,28.38,39.85,109.06,34.9881,-120.3211,177.4,CA,451.58
-123.2103,39.1467,USC00049122,149.68,165.41,92.29,84.8,36.41,8.15,0,0,2.49,53.81,100.65,273.27,39.1467,-123.2103,193.9,CA,966.96
-118.4428,34.0697,USC00049152,105.13,133.83,38.62,22.97,8.24,0.77,0.19,0.15,2.67,32.26,23.89,97,34.0697,-118.4428,131.1,CA,465.72
-121.9608,38.3956,USC00049200,115.7,119.48,61.6,40.27,16.25,1.16,0.23,3.58,5.19,33.78,61.58,199.85,38.3956,-121.9608,33.5,CA,658.67
-117.3058,34.535,USC00049325,24.98,39.59,9.87,8.79,0.72,0.57,4.61,2.57,1.22,15.85,13.94,34.93,34.535,-117.3058,871.1,CA,157.64
-120.1858,39.8056,USC00049351,35.93,38.02,32.72,25.78,15.54,12.58,3.52,4.67,4.53,26.02,31.21,82.71,39.8056,-120.1858,1508.8,CA,313.23
-119.2992,36.3283,USC00049367,39.35,43.69,32.71,29.59,9.11,0.48,0,0,0.52,14.38,24.01,60.48,36.3283,-119.2992,99.1,CA,254.32
-117.2269,33.2294,USC00049378,59.01,88.73,23.64,27.78,4.28,0.8,1.15,0.31,1.87,24.19,26.94,62.62,33.2294,-117.2269,155.4,CA,321.32
-122.9975,38.7161,USC00049440,186.01,191.79,113.95,79.55,36.52,4.14,0.58,0.21,2.16,53.91,97.28,384.31,38.7161,-122.9975,68.3,CA,1150.41
-119.3519,35.5892,USC00049452,25.67,31.34,18.35,20.19,4.36,0.23,0,0.03,0.48,19.39,11.45,36.81,35.5892,-119.3519,88.7,CA,168.3
-121.7692,36.9308,USC00049473,87.75,103.09,62.23,44.62,11.9,2.26,0.16,0.57,1.7,33.13,49.6,145.45,36.9308,-121.7692,29,CA,542.46
-122.9331,40.7222,USC00049490,149.69,135.89,91.03,72.51,49.81,23.18,7.36,4.13,5.91,60.76,122.46,268.53,40.7222,-122.9331,599.8,CA,991.26
-122.5281,40.6117,USC00049621,228.31,286.15,170.12,144.09,83.27,24.51,6.38,3.82,4.71,96.64,164.11,392.22,40.6117,-122.5281,394.7,CA,1604.33
-117.1853,36.2656,USC00049671,26.17,38.91,12.05,6.95,6.6,0.31,4.62,11.95,3.23,8.2,14.86,32.79,36.2656,-117.1853,1249.7,CA,166.64
-123.3425,39.4194,USC00049684,183.2,183.62,134.14,101.1,45.2,11.43,1.09,0,5.2,71.64,142.15,350.46,39.4194,-123.3425,412.4,CA,1229.23
-121.9683,38.5228,USC00049742,111.67,114.94,52.9,41.79,16.16,1.58,0.44,0.82,3.18,27.3,58.98,173.35,38.5228,-121.9683,41.1,CA,603.11
-121.7942,38.6828,USC00049781,98.64,92.11,49.29,42.81,14.28,3.32,0.28,2.59,3.97,25.88,51.15,130.54,38.6828,-121.7942,21,CA,514.86
-122.2567,37.4286,USC00049792,113.12,132.79,82.9,58.48,17.7,2.1,0,0,2.15,26.46,67.35,181.9,37.4286,-122.2567,115.8,CA,684.95
-117.6386,34.3617,USC00049822,127.29,141.67,38.96,28.25,11.56,1.16,16.51,7.82,9.46,45.47,32.41,147.76,34.3617,-117.6386,1828.8,CA,608.32
-119.5897,37.75,USC00049855,132.85,151.11,83.22,88.31,40.65,5.94,2.3,3.08,5.23,34.37,94.43,185.98,37.75,-119.5897,1224.7,CA,827.47
-122.6408,41.7036,USC00049866,70.88,49.87,30.22,33.32,35.01,12.8,16.22,4.19,5.1,32.06,64.97,132.75,41.7036,-122.6408,800.1,CA,487.39
-117.6003,34.0561,USW00003102,67.28,93.05,28.65,23.31,5.04,0.06,0.25,0.76,1.46,17.1,23.71,60.74,34.0561,-117.6003,289.3,CA,321.41
-116.1594,33.6267,USW00003104,15.73,18.36,3.04,1.25,0.13,0.05,0.72,1.11,3.64,8.9,8.61,10.46,33.6267,-116.1594,-36,CA,72
-118.3411,33.8017,USW00003122,76.92,124.07,24.7,16.2,7.26,0.04,0.81,0,1.63,19.89,21.18,63.72,33.8017,-118.3411,27.4,CA,356.42
-117.1394,32.8158,USW00003131,46.58,72.76,23.04,23.27,4.15,0.47,0.78,0.1,2.15,23.31,22.09,55.48,32.8158,-117.1394,127.1,CA,274.18
-118.2117,34.7411,USW00003159,39.52,51.28,10.8,9.33,2.3,0.03,0.8,0.08,2.62,15.8,10.97,31.64,34.7411,-118.2117,712.6,CA,175.17
-116.4728,32.6233,USW00003164,63.97,85.77,35.16,27.79,3.81,0.48,9.21,17.84,5.23,33.13,20.52,81.41,32.6233,-116.4728,801.6,CA,384.32
-117.9789,33.8719,USW00003166,63.53,92.06,22.38,18.79,5.38,0.16,0.46,0.15,3.66,21.65,19.5,57.18,33.8719,-117.9789,29.3,CA,304.9
-118.3342,33.9228,USW00003167,58.18,86.71,22.88,15.06,6.32,0.24,0.29,0,2.95,23.16,19.62,64.42,33.9228,-118.3342,19.2,CA,299.83
-117.4386,33.9519,USW00003171,32.8,63.97,21,18.17,2.24,0.21,0.39,0,0.22,12.62,12.93,45.3,33.9519,-117.4386,245.4,CA,209.85
-117.2794,33.1281,USW00003177,49.31,73.24,16.64,21.53,3.79,0.63,0.95,1.12,2.05,23.51,28.96,52.94,33.1281,-117.2794,100,CA,274.67
-116.9794,32.5722,USW00003178,40.5,61.85,22.17,22.4,3.2,0.75,0.97,0.12,2.11,20,18.33,45.35,32.5722,-116.9794,157,CA,237.75
-117.6361,33.9753,USW00003179,48.19,83.95,23.46,17.88,2.4,0,0.59,0,0.99,24.75,14.47,34.35,33.9753,-117.6361,198.1,CA,251.03
-119.95,36.3333,USW00023110,40.51,31.72,22.4,12.66,7.53,0.1,0.25,0,0.51,10.03,12.46,47.04,36.3333,-119.95,70.7,CA,185.21
-118.1464,33.8117,USW00023129,62.6,90.99,19.67,12.48,6.75,0.33,0.95,0.18,2.06,22.96,15.34,63.52,33.8117,-118.1464,9.4,CA,297.83
-118.4892,34.2097,USW00023130,70.67,104.03,25.4,17.98,6.53,0.11,0.05,0,3.05,19.85,16.16,59.22,34.2097,-118.4892,234.7,CA,323.05
-119.0833,34.2167,USW00023136,59.04,79.08,29.46,18.23,7.8,0.29,0.06,0.14,1.11,20.95,25.12,55.02,34.2167,-119.0833,23.5,CA,296.3
-118.3575,34.2006,USW00023152,99.32,127.57,34.99,22.43,8.46,0.32,0.03,0,4.61,34.85,22.17,76.11,34.2006,-118.3575,225.9,CA,430.86
-119.0542,35.4344,USW00023155,23.48,31.87,15.63,17.4,5.17,0.15,0.13,0.13,0.7,8.57,13.2,37.15,35.4344,-119.0542,149,CA,153.58
-116.9814,33.9286,USW00023156,97.48,91.88,52.89,32.54,14.46,0.49,8.24,2.24,4.3,40.16,47.26,91.98,33.9286,-116.9814,789.7,CA,483.92
-118.3581,37.3711,USW00023157,36.03,18.1,6.52,4.41,1.84,1.64,5.39,2.24,1.76,13.15,14.72,33.13,37.3711,-118.3581,1250.3,CA,138.93
-114.7142,33.6186,USW00023158,14.13,16.71,11.02,0.41,0.54,0.54,1.42,7.71,6.44,5.62,5.42,6.69,33.6186,-114.7142,120.4,CA,76.65
-116.7858,34.8536,USW00023161,12.89,19.37,8.62,3.58,0.92,0.1,6.08,3.71,1.2,6.41,15.28,17.05,34.8536,-116.7858,584.3,CA,95.21
-118.3889,33.9381,USW00023174,61.11,88.04,20.28,14.79,5.69,0.54,0.33,0.03,2.09,23.08,18.2,69.05,33.9381,-118.3889,29.6,CA,303.23
-114.6189,34.7675,USW00023179,19.82,23.03,7.06,3.76,0.06,0.66,2.1,8.77,1.95,5.63,10.3,10.8,34.7675,-114.6189,271.3,CA,93.94
-118.0836,34.6294,USW00023182,26.54,48.05,13.16,7.69,1.83,0.43,0.35,0.35,2.79,19.03,10.29,31.14,34.6294,-118.0836,769.3,CA,161.65
-118.7242,34.7436,USW00023187,57.62,95.97,22.05,19.14,8.55,0.11,0.39,0.69,2.51,28.9,17.17,52.08,34.7436,-118.7242,1374.6,CA,305.18
-117.1831,32.7336,USW00023188,40.95,62.05,18.72,18.46,3.76,0.23,0.2,0.03,1.26,22.81,17.61,49.53,32.7336,-117.1831,4.6,CA,235.61
-119.8425,34.4258,USW00023190,105.01,85.13,48.83,30.93,10.68,1.33,0.1,0.05,1.07,31.49,39.72,96.36,34.4258,-119.8425,2.7,CA,450.7
-122.8103,38.5039,USW00023213,146.45,145.03,83.73,59.72,31.72,4.57,0.44,0,1.5,51.18,85.61,243.53,38.5039,-122.8103,34.7,CA,853.48
-120.7103,39.2775,USW00023225,157.85,218.59,177.26,136.02,99.05,15.24,0.13,6.77,8.38,93.51,167.64,366.04,39.2775,-120.7103,1608.1,CA,1446.48
-122.2208,37.7214,USW00023230,65,81.72,54.89,37.97,15.4,1.89,0.14,0.21,2.37,27.91,47.54,133.12,37.7214,-122.2208,1.8,CA,468.16
-121.495,38.5069,USW00023232,72.73,76.33,54.21,35.12,18.16,3.3,0.03,1.45,2.22,25.35,42.77,118.79,38.5069,-121.495,4.6,CA,450.46
-121.6081,36.6636,USW00023233,52.78,53.89,44.12,30.95,6.88,0.82,0.13,1.1,1.61,16.96,21.68,65.69,36.6636,-121.6081,22.6,CA,296.61
-122.3647,37.6197,USW00023234,80.17,94.81,52.09,41.55,9.77,1.12,0.03,0.03,1.68,25.42,47.61,149.73,37.6197,-122.3647,2.4,CA,504.01
-121.2258,37.8892,USW00023237,61.46,53.03,39.08,28.85,8.31,0.88,0.11,0.15,2.51,17.98,34.35,78.55,37.8892,-121.2258,7.9,CA,325.26
-122.3167,37.7333,USW00023239,83.23,100.58,54.35,34.5,16.4,2.13,0.12,0.14,1.33,19.07,48.25,152.65,37.7333,-122.3167,4.9,CA,512.75
-122.0481,37.4058,USW00023244,53.2,67.55,39.09,30.12,7.85,0.95,0.15,0.11,1.68,15.47,28.1,83.18,37.4058,-122.0481,11.9,CA,327.45
-122.055,37.9917,USW00023254,60.06,71.91,37.7,35.79,12.28,0.77,0.03,0.48,0.86,22.84,37.18,112.81,37.9917,-122.055,5.5,CA,392.71
-120.5128,37.2847,USW00023257,59.13,51.97,34.07,29.28,12.17,0.38,0.03,0,2.61,18.23,23.41,60.33,37.2847,-120.5128,46.3,CA,291.61
-120.9506,37.6242,USW00023258,56.61,47.68,33.62,27.05,10.38,0.8,0.23,0.25,2.33,13.91,25.73,72.42,37.6242,-120.9506,22.3,CA,291.01
-121.8453,36.5881,USW00023259,62.49,62.5,49.12,28.19,8,0.72,0.42,0.77,1.77,20.82,29.94,84.92,36.5881,-121.8453,50.3,CA,349.66
-121.4169,38.5556,USW00023271,77.3,77.93,54.39,37.18,18.97,3.3,0.03,0.86,6.81,27.78,42.89,118.66,38.5556,-121.4169,11.6,CA,466.1
-122.4269,37.7706,USW00023272,92.81,111.24,67.42,47.69,14.84,3.04,0.14,0.6,1.59,29.48,59.91,178.86,37.7706,-122.4269,45.7,CA,607.62
-120.4486,34.8994,USW00023273,69.89,63.09,37.79,23.94,9.47,0,0.14,0.09,0.16,20.35,31.59,74.41,34.8994,-120.4486,73.8,CA,330.92
-121.7886,36.9358,USW00023277,68.24,88.82,54.06,34.89,10.55,2.16,0.5,0.57,1.88,26.02,39.58,129.99,36.9358,-121.7886,48.8,CA,457.26
-121.8144,37.6928,USW00023285,52.6,65.1,41.61,32.06,12.44,0.57,0.03,0.18,1.65,23.56,37.71,97,37.6928,-121.8144,119.8,CA,364.51
-121.9239,37.3592,USW00023293,58.41,67.46,39.52,31.83,8.11,0.74,0.03,0.05,1.24,16.06,28.95,71.76,37.3592,-121.9239,15.5,CA,324.16
-124.1603,40.8097,USW00024213,158.56,139.92,123.44,102.88,42.35,19.62,3.87,5,11.78,56.9,124.97,263.39,40.8097,-124.1603,6.1,CA,1052.68
-122.3328,41.3325,USW00024215,154.61,185.05,126.7,90.94,53.38,31.27,3.59,5.99,11.43,67.22,112.1,282.58,41.3325,-122.3328,1077.5,CA,1124.86
-122.2536,40.1519,USW00024216,101.79,98.72,46.72,45.34,23.92,8.63,2.36,0.69,3.09,31.08,61.6,141.5,40.1519,-122.2536,107.6,CA,565.44
-122.2986,40.5175,USW00024257,129.19,143.96,70.03,63.67,35.08,9.53,3.05,2.09,4.36,45.98,83.06,224.13,40.5175,-122.2986,151.5,CA,814.13
-124.1086,40.9781,USW00024283,175.26,156.03,137.21,122.19,48.91,29.44,4.17,8.53,15.62,66.71,146.51,293.3,40.9781,-124.1086,61,CA,1203.88
-119.6289,36.3189,USW00053119,40.21,32.3,23.15,21.42,9.89,1.02,0.25,0.13,1.51,13.8,19.28,47.21,36.3189,-119.6289,75.9,CA,210.17
-116.9158,33.0375,USW00053120,62.45,94.82,32.38,30.78,6.8,0.81,2.23,1.34,2.7,28.23,25.48,71.37,33.0375,-116.9158,424.6,CA,359.39
-117.7333,33.6667,USW00093101,58.95,96.35,29.75,18.99,4.88,0.94,0.48,0.31,4.55,24.96,19.59,74.01,33.6667,-117.7333,116.1,CA,333.76
-117.1333,32.8667,USW00093107,48.06,81.5,21.46,20.16,3.82,0.29,2.66,0.12,1,22.39,23.47,63.02,32.8667,-117.1333,145.4,CA,287.95
-119.2069,34.2008,USW00093110,63.02,76.03,29.13,22.09,4.63,0.69,0.4,0.39,1.59,22.25,20.12,65.04,34.2008,-119.2069,11,CA,305.38
-119.1167,34.1167,USW00093111,49.9,92.45,31.95,22.85,12.71,0.81,0.53,0.26,0.99,12.85,24.86,51.29,34.1167,-119.1167,4,CA,301.45
-117.2,32.7,USW00093112,42.43,55.68,18.59,18.28,3.79,0.46,1.42,0.87,2.18,23.57,18.58,46.67,32.7,-117.2,7.9,CA,232.52
-117.8333,33.7,USW00093114,37.1,81.5,19.08,26.91,4.42,0.43,0.11,0.17,1.21,18.55,20.87,65.56,33.7,-117.8333,18,CA,275.91
-118.2353,34.0511,USW00093134,80.48,107.93,32.7,19.38,5.79,0.44,0,0,2.06,27.61,20.78,87.17,34.0511,-118.2353,70.1,CA,384.34
-116.5053,33.8281,USW00093138,28.74,26.1,6.93,1.61,0.16,0,3.51,1.42,1.38,9.69,11,28.52,33.8281,-116.5053,128.3,CA,119.06
-117.8664,33.68,USW00093184,55.47,75.87,20.74,15.31,4.14,0.33,0.65,0,2.22,26.35,21.69,59.89,33.68,-117.8664,16.5,CA,282.66
-119.7194,36.78,USW00093193,44.51,46.16,34.34,30.99,10.49,0.59,0.24,0.15,0.19,13.05,22.51,64.39,36.78,-119.7194,101.5,CA,267.61
-120.6414,35.2372,USW00093206,96.7,87.22,46.27,31.09,12.27,0.79,0.08,0.2,0.29,31.24,40.32,125.01,35.2372,-120.6414,61,CA,471.48
-120.6283,35.6697,USW00093209,62.23,55.3,35.28,18.05,7.4,0.06,0.2,0.58,0.29,20.49,19.59,64.4,35.6697,-120.6283,246.9,CA,283.87
-121.6183,39.49,USW00093210,109.69,109.31,63.75,53.33,21.57,5.21,1.15,1.88,3.98,34.43,65.17,162.84,39.49,-121.6183,57.9,CA,632.31
-121.5897,38.6956,USW00093225,77.8,82.6,50.96,35.53,14.53,2.79,0.05,2.01,1.79,22.37,48.33,115.36,38.6956,-121.5897,7,CA,454.12
-122.2847,38.2103,USW00093227,84.62,88.68,46.82,28.16,16.89,2.05,0.06,0.76,1.2,28.38,48.99,140.37,38.2103,-122.2847,4.3,CA,486.98
-122.115,37.6542,USW00093228,62.7,75.76,50.77,38.21,11.71,1.99,0.03,0.05,2.73,25.97,36.23,113.99,37.6542,-122.115,13.1,CA,420.14
-120.5644,41.4914,USW00094299,24.03,25.7,27.73,37.84,28.03,10.77,1.39,6.03,8.16,23.66,37.23,44.28,41.4914,-120.5644,1333.5,CA,274.85
