id,gen,feb,mar,apr,mag,giu,lug,ago,sett,ott,nov,dic,_LATITUDE,_LONGITUDE,_ELEVATION,_STATE
USC00040029,26.08,41.81,44.26,29.85,32.41,16.53,7.39,10.68,22.66,28,61.89,42.32,41.1936,-120.9447,1278.6,CA
USC00040136,42.7,57.08,89.61,27.71,5.02,1.5,5.07,6.99,9.7,17.15,68.41,55.54,32.8358,-116.7775,516.6,CA
USC00040161,20.18,35.8,35.72,26.97,27.64,18.29,5.68,8.2,19.45,17.9,48.08,32.85,41.4931,-120.5528,1341.1,CA
USC00040192,34.75,37.52,51.55,20.49,2.7,0.51,0.07,0.55,15.46,16.64,49.78,36.08,33.8647,-117.8425,102.1,CA
USC00040212,153.32,178.47,168.97,47.87,11.83,4.41,0.26,2.04,28,56.82,183.83,158.01,38.5731,-122.4406,522.7,CA
USC00040232,51.86,41.71,59.5,19.86,4.32,2.12,0.2,0.28,11.8,16.77,56.33,37.86,37.9856,-121.7458,18.3,CA
USC00040343,97.29,95.29,121.87,57.3,12.55,5.57,1.82,1.21,25.19,39.22,96.7,77.59,36.4914,-118.8253,520.6,CA
USC00040379,95.64,95.13,121.43,42.34,12.02,3.41,0.83,1.9,21.67,35.63,93,76.81,37.0919,-119.5128,637,CA
USC00040383,103.46,126.72,182.43,62.77,14.6,6.66,0.1,2.14,35.64,52.47,170.32,127.26,38.9072,-121.0839,393.8,CA
USC00040436,11.48,6.31,10.86,7.12,3,1.22,9.35,18.6,3.47,4.94,12.43,9.86,35.2761,-116.0628,293.2,CA
USC00040449,110.87,121.78,132.43,64.64,12.95,5.75,1.79,1.62,31.47,34.79,110.56,89.43,36.9092,-119.0883,524.3,CA
USC00040521,20.14,9.83,21.92,6.61,3.75,1.15,8.61,12.75,8.98,5.85,14.6,15.55,34.8928,-117.0219,676.7,CA
USC00040673,191.4,195.51,233.68,66.47,9.19,3.07,0.84,1.61,15.14,48.21,200.6,170.77,37.0856,-122.0797,128,CA
USC00040693,98.26,98.95,122.16,39.42,5.53,3.15,0.29,1.27,12.52,36.5,108.33,85.28,37.8744,-122.2606,94.5,CA
USC00040738,113.21,113.34,120.46,43.95,20.62,9.36,4.26,12.13,30.04,64.08,179.54,148.85,40.7406,-123.2078,381.9,CA
USC00040741,53.29,51.85,66.81,24.04,8.76,2.62,17.44,33.83,12.08,21.34,63.33,66.02,34.2442,-116.9039,2060.4,CA
USC00040790,166.34,158.87,201.78,73.26,8,3.31,0.18,0.08,22.94,46,171.64,149.66,36.2472,-121.7803,61,CA
USC00040924,8.48,5.06,7.69,2.28,0.71,0,6.15,15.05,11.83,6.71,11.35,16.91,33.6131,-114.5972,81.7,CA
USC00040931,62.13,90.04,82.12,25.81,12.15,13.82,15.64,11.41,35.64,42.92,112.41,64.94,39.3886,-120.0936,1699.3,CA
USC00040943,27.38,36.71,43.14,14.3,12.35,23.83,20.41,15.34,19.12,15.91,33.72,23.48,38.2119,-119.0142,2551.2,CA
USC00040983,20.39,26.87,26.5,3.99,0.88,0,10.66,17.92,10.51,7.7,17.77,24.89,33.2314,-116.4144,245.4,CA
USC00041048,8,11.12,7.14,0.59,0.1,0,2.25,8.55,5.27,8.87,6.89,13.21,32.9544,-115.5581,-30.5,CA
USC00041072,23.52,38.47,29.5,9.34,13.36,16.11,3.06,16.05,21.25,5.64,37.83,34.08,38.2575,-119.2286,1972.1,CA
USC00041214,86.07,73.05,110.49,38.84,30.03,14.05,4.91,7.17,22.05,49.62,107.47,86.69,40.8803,-121.6547,974.8,CA
USC00041244,26.18,17.87,30.56,13.28,0.98,2.33,0.51,2.08,5.6,6.9,20.93,14.2,35.4047,-119.4731,82,CA
USC00041253,67.38,68.51,101.63,39.14,2.48,0.37,0.08,1.96,5.44,20.19,52.61,60.22,34.5825,-119.9817,238.7,CA
USC00041277,191.16,237.36,243.51,97.16,27.99,9.92,2.27,2.07,44.14,97.58,236.94,182.3,38.2769,-120.3114,1431,CA
USC00041312,122.2,182.48,161.76,46.88,10.49,4.17,2.01,1.38,19.04,58.33,170.38,132.56,38.5961,-122.6014,121.9,CA
USC00041316,60.82,66.77,62.82,26.36,18.65,16.18,7.18,6.11,17.47,33.73,94.87,77.7,41.3111,-122.8045,970.8,CA
USC00041428,75.22,78.14,117.03,42.08,8.51,2.46,0.11,0.76,27.16,38.22,95.65,69.5,38.2486,-120.8433,200.6,CA
USC00041484,52.88,49.88,80.09,28.4,0.58,0.21,0.2,3.53,8.46,28.79,57.33,53.54,34.1819,-118.5744,240.8,CA
USC00041497,111.17,159.71,161.9,54.09,21.61,13.99,4.44,3.89,37.18,61.98,164.51,121.73,40.1703,-121.0883,1389.9,CA
USC00041606,117.75,127.72,133.83,53.36,29.98,17.68,5.43,13.66,24.64,69.81,165.13,152.6,41.1417,-123.1392,704.1,CA
USC00041614,22.85,39.24,33.59,25.29,20,13.47,3.92,7.67,18.26,16.9,50.62,39,41.5306,-120.1803,1408.5,CA
USC00041697,144.55,211.12,211.28,75.26,21.38,12.12,1.67,4.61,45.52,78.94,206.71,163.47,37.9747,-119.9161,1452.4,CA
USC00041700,102.7,115.49,131.45,45.44,21.69,19.77,6.81,7.05,32.37,59.34,141.65,105.68,40.3033,-121.2422,1380.7,CA
USC00041715,90.41,75.41,132.5,35.65,9.4,7.51,0.09,2.72,25.95,36.5,116.58,82.57,39.6911,-121.8211,56.4,CA
USC00041758,23.09,37.39,52.76,19.39,1.06,0.49,0.21,0.41,6.98,13.17,47.38,38.86,32.64,-117.0858,17.1,CA
USC00041806,120.18,95.78,130.45,35.03,9.15,3.27,1.65,2.43,22.52,44.9,114.39,108.19,38.9239,-122.5672,411.2,CA
USC00041838,159.8,150.15,185.19,50.55,9.84,2.42,0.33,4.17,20.78,60.59,185.29,165.21,38.8,-123.0175,100.6,CA
USC00041864,30.4,27.23,32.09,12.07,2.45,2.03,0.08,1.57,6.63,10.82,19.94,22.52,36.1356,-120.3606,204.2,CA
USC00041912,133.69,179.02,224.02,75.64,18.05,9.79,0.13,4.08,44.52,73.38,216.93,160.34,39.0911,-120.9481,725.4,CA
USC00041948,68.04,53.47,75.58,20.87,3.35,5.54,0,1.49,16.96,23.55,68.65,61.41,39.1875,-122.0269,15.2,CA
USC00041967,73.57,73.55,75.56,28.36,3.62,1.61,0,0.45,5.92,22.56,69.97,57.33,37.9833,-122.0692,12.2,CA
USC00042012,27.9,23.37,32.05,15.88,1.32,0.67,0.21,0.25,6.94,7.21,26.75,18.01,36.0975,-119.5817,61,CA
USC00042081,135.99,163.17,154.98,55.58,15.15,7.86,0.51,4.99,25.63,63.14,196.57,164.92,39.8158,-123.2444,430.7,CA
USC00042147,204.51,212.55,229.78,119.59,76.21,46.4,9.42,12.66,36.9,113.16,273.1,285.29,41.7958,-124.2147,13.1,CA
USC00042214,33.83,49.11,75.46,15.09,1.38,0,0.18,0.84,6.21,11.54,43.22,36,34.0053,-118.4136,20.7,CA
USC00042239,95.97,102.45,164.75,58.2,12.15,0.96,16.81,29.71,29.17,35.43,119.86,123.1,32.9897,-116.5872,1414.3,CA
USC00042294,73.43,68.13,90.86,30.19,4.26,3.87,0,0.96,15.68,22.9,84.98,65.61,38.535,-121.7761,18.3,CA
USC00042319,6.12,4.28,11.17,4.68,1.02,0.31,1.46,7.04,2.23,1.38,7.55,8.82,36.4622,-116.8669,-59.1,CA
USC00042331,10.28,9.76,14.27,7.86,8.93,4.97,26.96,35.5,8.61,4.83,17.94,18.72,37.3739,-117.9803,1592.6,CA
USC00042402,212.53,210.36,291.94,97.79,32.62,13.14,0.69,4.03,62.23,95.07,280.24,245.06,39.8717,-121.6108,826,CA
USC00042456,122.09,178.28,242.06,72.5,19.24,10.56,0.31,4.92,44.53,94.53,240.57,193.4,39.3575,-121.2011,499.9,CA
USC00042467,95.78,159.56,136.36,57.22,19.51,16.46,11.98,7.5,38.08,58.91,195.75,130.66,39.3239,-120.2331,1809.6,CA
USC00042500,187.58,242.31,284.07,91.09,36.91,18.77,9.89,4.86,60.74,106.64,267.23,225.28,39.5633,-120.8239,888.5,CA
USC00042506,29.17,75.92,50.74,21.27,17.8,17.01,4.43,7.46,26.62,28.46,101.39,43.08,39.9717,-120.0828,1338.1,CA
USC00042574,208.47,198.72,267.28,86.01,43.87,17.42,7.08,4.58,38.87,103.13,254.75,240.4,41.1833,-122.2736,661.4,CA
USC00042598,9.25,7.65,11.05,1.6,1.84,0.26,5.13,25.25,9.3,4.52,10.42,15.68,33.8089,-115.4508,296.6,CA
USC00042640,95.77,72.72,85.41,27.92,5.68,3.35,1.05,1.59,15.4,27.72,83.65,89.82,39.3592,-122.5178,367.3,CA
USC00042671,148.74,176.26,198.83,90.47,33.31,31.29,7.91,12.63,73.67,84.89,204.76,149.04,38.7833,-120.0333,2240.3,CA
USC00042706,37.44,39.8,66,20.81,1.57,0,0,0.56,6.97,12.26,56.82,43.59,32.8139,-116.975,123.4,CA
USC00042709,41.18,54.66,83.72,25.93,5.2,0.98,2.14,2.79,9.46,19.84,58.58,59.93,32.8839,-116.8164,182.9,CA
USC00042713,10.16,8.38,6.7,0.42,0.61,0,1.62,7.64,8.38,11.7,4.53,14.7,32.7669,-115.5617,-9.1,CA
USC00042728,109.72,114.62,155.17,48.47,9.14,4.02,0.08,0.9,27.44,49.73,131.51,89.97,38.3306,-120.6706,217.9,CA
USC00042771,20.14,10.81,24.89,9.42,2.28,0.64,4.12,12.49,4.14,6.74,11.39,18.93,34.5892,-117.6303,899.2,CA
USC00042805,38.86,36.36,57.35,17.33,2.86,0.25,5.12,0.28,6.35,14.78,35.57,39.36,33.6692,-117.3319,391.7,CA
USC00042863,39.1,57.77,73.28,26.63,3.13,0.66,0.74,1.65,9.05,19.64,48.46,51.37,33.1211,-117.0883,182.9,CA
USC00042934,88.37,88.26,102.48,31.17,4.69,1.72,0,0.46,12.44,25.89,91.98,78.05,38.2736,-122.0678,12.2,CA
USC00042941,49.76,42.77,56.62,27.96,3.38,0.08,2.57,2.23,5.09,15.76,55.11,49,34.705,-118.4242,932.7,CA
USC00043083,32.07,19.06,37.13,16.67,1.48,7.17,0,1.03,8.83,8.93,22.84,23.08,36.3642,-120.1561,86.9,CA
USC00043157,37.39,59.7,58.41,34.74,25.78,21.91,7.69,8.6,21.45,26.24,69.37,64.43,41.52,-120.09,1442.3,CA
USC00043161,125.82,123.21,171.21,54.27,19.66,14.46,2.94,9.62,21.72,68.99,171.57,157.81,39.5092,-123.7567,37.5,CA
USC00043244,60.05,57.09,88.57,27.48,4,1.05,0,0,12.22,24.99,58.6,48.93,37.5422,-122.0158,11.6,CA
USC00043261,46.99,48.01,78.09,24.66,3.72,3.52,0.38,0.52,9.59,17.42,50.64,41.93,36.9969,-119.7072,125,CA
USC00043417,81.56,69.81,91.17,32.39,3.15,2.26,0.46,0.21,13.63,20.61,86.33,65.83,37.0067,-121.5633,59.1,CA
USC00043463,69.5,67.49,98.84,36.23,8.53,2.72,0.34,5.34,10.73,22.35,73.84,58.57,35.7269,-118.7006,957.1,CA
USC00043489,6.95,4.26,7.01,2.06,0.3,0.33,9.87,12.82,11.44,6.19,4.49,18.24,32.8833,-114.8667,147.8,CA
USC00043551,143.09,137.18,175.59,79.64,28.44,8.15,3.5,4.35,46.65,54.07,154.52,114.15,36.7394,-118.9631,2011.7,CA
USC00043573,151.87,192.11,252.14,78.57,18.72,8.9,0.29,4.51,46.08,73.9,235.65,187.64,39.2042,-121.0681,731.5,CA
USC00043578,173.09,156.74,184.37,47.21,8.4,3.73,0.18,1.86,18.48,49.85,184.88,161.54,38.4306,-122.8647,61,CA
USC00043647,156.77,167.38,222.18,90.07,39.37,17.04,2.63,16.62,39.04,91.61,226.69,233,40.4864,-123.9089,125.9,CA
USC00043710,22.04,19.77,35.87,7.99,5.43,1.73,12.15,15.94,4.85,4.16,27.96,23.77,36.1389,-117.9528,1165.9,CA
USC00043714,118.2,103.27,134.85,39.72,8.57,5.14,1.76,4.45,16.98,49.97,114.76,105.65,37.4725,-122.4433,8.2,CA
USC00043747,29.79,27.64,43.72,17.62,2.03,1.27,3.87,0.13,5.78,9.98,26.12,24.94,36.3158,-119.6369,72.2,CA
USC00043824,52.5,52.57,77.33,26.73,22.44,12.03,4.63,8.43,25.53,29.69,78.31,52.9,40.9317,-121.5433,919,CA
USC00043855,10.81,10.26,15.33,2.04,1.18,0.05,6.31,28.71,5.38,8.51,11.14,14.24,33.7044,-115.6289,417.6,CA
USC00043875,170.72,157.34,191.79,53.98,8.08,2.44,0.31,4.38,21.03,58.57,181.51,166.26,38.6175,-122.8731,32.9,CA
USC00043896,37.84,34.5,51.08,19.32,3.08,0.15,5.55,8.99,12.4,11.61,29.66,32.25,33.7381,-116.8939,552,CA
USC00043914,86.48,88.01,129.07,42.9,5.65,1.56,15.44,21.3,18.86,25.63,83.87,92.09,33.2372,-116.7614,823,CA
USC00043939,105.28,134.28,161.68,67.78,27.61,12.61,4.35,3.12,40.11,62.92,146.46,107.99,37.9614,-119.7831,1179.6,CA
USC00044025,45.97,48.42,61.43,24.68,2.24,1.32,0,0.66,11.72,18.29,62.36,37.46,36.8483,-121.4214,83.8,CA
USC00044176,137.31,174.22,194.74,76.31,27.34,12.19,9.9,8.13,43.64,61.96,148.82,131.77,37.2275,-119.2206,2139.7,CA
USC00044211,92.93,84.57,104.58,43.78,7.06,2.26,22.01,29.06,27.2,31.17,91.39,86.63,33.7572,-116.7067,1639.8,CA
USC00044223,6.62,8.74,8.12,0.18,0.13,0.03,2.23,8.49,7.37,10.54,6.06,14.14,32.8489,-115.5667,-19.5,CA
USC00044232,19.84,17.57,14.9,7.7,2.72,3.85,1.99,5.85,2.61,4.46,21.64,17.15,36.7981,-118.2036,1204,CA
USC00044259,9.12,11.45,18.29,1.03,2.21,0.71,2.34,37.73,2.66,8.93,6.68,18.88,33.7086,-116.2153,-6.4,CA
USC00044278,17.28,13.76,16.33,3.41,2.87,0.94,5.03,14.51,2.02,0.87,13,23.69,35.6514,-117.8214,740.7,CA
USC00044297,8.77,8.08,10.44,1.33,3.62,0.15,10,11.4,4.14,7.64,8.86,15.69,34.1472,-115.1219,281,CA
USC00044374,32.42,33.73,49.79,43.56,46.45,32.26,12.14,13.01,31.59,28.91,59.25,51.64,41.2683,-120.2947,1645.9,CA
USC00044500,201.7,206.02,230.74,49.47,8.61,2.76,0.1,1.27,16.47,51.82,239.41,198.64,37.9569,-122.5439,44.2,CA
USC00044523,55.26,55.81,67.75,20.05,6.71,1.41,6.69,8.35,8.58,10.88,50.5,42.07,35.7831,-118.4389,823.9,CA
USC00044555,40.68,38.92,64.75,21.44,2.22,0.92,0.13,0.26,6.02,13.65,39.29,41.35,36.2069,-121.1378,97.5,CA
USC00044577,219.47,251.88,273.12,116.26,85.37,53.31,12.1,14.65,38.82,130.86,305.48,336.11,41.5786,-124.0747,8.5,CA
USC00044647,33.42,39.73,58.27,21.67,2.82,0.94,1.04,1.98,12.35,15,41.92,39.5,33.5453,-117.7814,13.4,CA
USC00044671,140.21,111.9,168.05,69.45,10.79,0.79,2.11,12.21,37.75,63.56,134.74,109.78,34.2467,-117.1883,1586.5,CA
USC00044712,101.79,90.47,108.09,32.56,3.52,1.69,0.21,0.67,12.38,27.1,104.01,87.4,38.4919,-122.0039,57.9,CA
USC00044713,230.78,289.48,307.71,124.55,47.84,25.06,4.93,8.96,71.66,125.14,318.24,256.99,39.3183,-120.6392,1571.5,CA
USC00044735,36.36,35.87,69.03,19.37,2.52,0.64,0.49,1.34,9.07,14.26,54.06,43.74,32.7675,-117.0233,161.5,CA
USC00044838,22.95,55.86,41.6,24.35,26.39,16.77,19.84,9.5,16.94,30.58,52.53,26.21,41.7019,-121.5011,1453.9,CA
USC00044881,31.45,53.7,46.69,12.47,16.85,5.37,13.5,16.22,10.22,29,77.7,41.81,37.9567,-119.1194,2071.7,CA
USC00044890,52.26,48.99,71.94,28.98,4.07,3.23,0.61,1.89,13.17,15.22,50.68,36.12,36.3817,-119.0264,156.4,CA
USC00044957,45.81,43.6,63.78,21.95,3.34,3.59,0.18,0.53,10.21,13.49,43.5,30.53,36.2033,-119.0545,132.6,CA
USC00044997,60.27,60.64,70.85,23.05,2.97,1.87,0.03,1.48,11.44,22.54,62.07,44.86,37.6922,-121.7692,146.3,CA
USC00045026,162.74,193.26,205.14,85.89,25.29,8.77,12.67,13.5,42.7,44.83,169.4,145.67,36.6044,-118.7325,2052.8,CA
USC00045032,67.54,62.89,93.89,30.99,4.81,3.79,0.05,0.46,18.91,28.67,83.57,59.96,38.1061,-121.2878,12.2,CA
USC00045064,54.55,49.94,72.93,26.69,2.14,0.34,0,1.81,4.73,13.58,44.92,50.75,34.6539,-120.4514,29,CA
USC00045118,31.72,33.04,45.65,17.01,2.04,1.35,0.06,0.56,14.13,12.28,36.75,29.93,37.0564,-120.8667,36.6,CA
USC00045120,25.14,27.02,36.97,13.59,2.8,16.08,0.08,0.28,14.88,9.91,31.68,25.83,36.9897,-120.9297,124.1,CA
USC00045123,85.43,90.85,103.78,35.88,3.72,1.64,0.2,0.42,10,27.68,78.31,67.52,37.2319,-121.9592,111.3,CA
USC00045233,38.43,42.78,63.01,24.48,3.67,0.66,0,0.39,6.5,20.08,39.08,32.29,36.9539,-120.0378,82.3,CA
USC00045311,102.97,128.95,144.61,61.62,46.12,33.67,10.71,11.27,55.17,80.88,186.97,115.62,40.5411,-121.5767,1752.6,CA
USC00045360,105.61,117.57,126.77,40.13,6.98,2.45,0.05,1.33,17.93,33.7,107.87,89.43,38.4917,-122.1242,146.3,CA
USC00045378,84.07,75.91,90.69,29.47,3.51,1.82,0.17,2.41,11.54,27.33,86.42,63.02,38.0131,-122.1142,12.2,CA
USC00045385,77.02,63.8,97.13,35.64,7.09,3.23,0.05,2,17.12,34.19,92.44,93.87,39.1458,-121.5853,17.4,CA
USC00045449,168.58,160.76,217.99,69.6,38.18,18.83,7.81,4.77,39.83,83.85,191.69,180.1,41.2514,-122.1383,999.7,CA
USC00045502,8.37,10.79,9.16,0.84,0.84,0,0.48,12.86,4.43,7.01,12.26,12.65,33.5714,-116.0767,-54.9,CA
USC00045532,43.35,47.22,63.36,19.3,3.06,0.6,0,0.72,9.26,18.36,48.15,37.28,37.2858,-120.5117,46.6,CA
USC00045679,170.26,199.7,248.73,86.3,50.56,29.48,2.63,6.83,60.39,108.63,249.66,198.5,40.3458,-121.6092,1485.9,CA
USC00045721,25.67,16.27,40.85,13.84,6.41,1.09,36.69,59.06,30.22,18.05,18.18,33.41,34.9436,-115.5469,1325.9,CA
USC00045756,23.06,19.16,29.84,5.7,1.64,1.4,8.87,8.5,5.44,10.54,17.23,20.41,35.0492,-118.1619,833.6,CA
USC00045790,52.09,47.17,68.64,23.1,1.42,0.33,0.15,2.3,9.74,7.81,39.22,43.77,34.0192,-118.1053,75,CA
USC00045795,79.63,62.03,96.41,35.31,6.68,3.93,0.81,1.17,12.39,29.65,83.09,53.19,36.5903,-121.91,117.3,CA
USC00045802,75.89,74.24,83.65,29.31,4.05,2.19,0.44,2.28,12.84,29.05,66.72,40.26,36.5928,-121.8556,37.2,CA
USC00045866,59.83,63.45,80.29,30.24,2.7,1.4,0.36,2.07,11.58,21.46,42.78,50.44,35.3672,-120.8456,35.1,CA
USC00045915,86.38,90.49,104.3,31.26,6.51,4.57,0.23,1.3,16.8,36.01,97.35,71.79,37.8792,-121.9303,661.4,CA
USC00045933,74.05,85.95,103.83,42.63,8.95,4.59,0.25,0.41,16.12,32.48,106.74,65.3,37.3436,-121.6425,1282,CA
USC00046006,127.55,130.11,197.59,74.92,7.48,2.21,0.58,12.45,40.18,49.13,135.82,141.42,34.2308,-118.0711,1740.4,CA
USC00046074,105.05,110.74,120.43,33.06,6.14,2.06,0.1,2.72,18.59,33.59,109.86,90.48,38.2778,-122.2647,10.7,CA
USC00046136,178.15,222.21,282.89,97.74,23.84,11.84,0.49,5.95,46.5,77.8,250.76,207.87,39.2467,-121.0008,847.6,CA
USC00046144,55.88,51.97,64.91,22.59,4.09,0.75,0.08,0.45,8.61,26.38,56.84,44.74,37.5147,-122.0325,3,CA
USC00046154,27.41,21.11,35.77,14.37,2.88,0.23,0.28,5.23,22.92,10.14,21.42,24.98,34.9456,-119.6828,658.4,CA
USC00046161,61.48,51.19,64.87,31.92,2.37,0,0.13,0,12.2,11.32,67.86,47.8,34.3933,-118.5939,538,CA
USC00046168,49.47,31.04,44.06,14.36,1.06,1.45,0,0.25,14.54,13.57,42.83,31.52,37.2811,-121.0178,27.4,CA
USC00046174,110.68,85.96,125.26,59.02,11.91,3.55,0.12,0.2,21.63,35.47,114.19,83.08,38.0047,-120.4864,292.6,CA
USC00046175,30.04,37.13,46.1,22.96,2.3,0.44,0.43,1.55,8.98,8.83,38.47,35.88,33.6025,-117.8803,3,CA
USC00046263,47.98,40.38,64.33,26.09,1.49,0.62,0,6.46,21.46,16.14,35.28,42.04,34.2447,-118.525,289,CA
USC00046336,99.53,84.46,105.25,36.51,4.69,2.41,0.08,0.59,13.86,36.68,90.66,69.74,37.7983,-122.2642,9.1,CA
USC00046370,207.58,201.27,234.67,63.06,17.27,5.29,0,6.68,25.63,74.49,257.96,221,38.3858,-122.9661,263.7,CA
USC00046377,30.24,32.01,42.91,29.82,3.1,0.79,0.11,1.48,8.4,13.29,32.81,44.59,33.2097,-117.395,3,CA
USC00046399,64.55,72.36,87.88,34.68,2.19,0.48,0.48,3.54,9.27,18.64,55.87,59.92,34.4478,-119.2275,227.1,CA
USC00046498,190.74,231.74,246.81,102.97,67.24,48.52,9.94,10.81,30.83,104.98,252.82,295.23,41.3619,-124.0192,48.8,CA
USC00046506,82.51,58.98,100.2,28.44,7.63,6.76,0.15,1.73,20.73,34.21,93.81,73.09,39.7458,-122.1997,77.4,CA
USC00046508,152.8,199.23,175.9,63.07,42,20.52,4.73,15.66,37.33,93.73,249.2,232.02,41.3089,-123.5317,122.8,CA
USC00046521,102.38,90.76,133.21,52.39,5.98,4.52,0.1,3.05,30.85,45.58,138.6,112.63,39.5178,-121.5531,52.1,CA
USC00046569,58.43,61.89,65.41,24.03,0.87,0.23,0.26,2.29,7.54,15.76,51.48,48.2,34.1981,-119.1753,14.9,CA
USC00046572,47.53,38.11,73.98,28.25,2.61,0.2,0.31,0.93,15.75,11.22,61.28,38.35,34.2067,-119.1375,15.8,CA
USC00046599,128.57,108.31,119.26,40,7.27,3.49,1.41,14.66,19.09,42.36,119.19,109.16,37.5917,-122.4717,144.8,CA
USC00046610,52.28,55.06,77.38,23.71,3.23,3.47,0,0.26,12.53,16.79,65.8,54.44,36.715,-121.3492,275.8,CA
USC00046624,22.51,23.37,32.93,10.89,1.9,2.01,1.74,2.51,4.14,8.97,18.22,28.17,34.5883,-118.0939,794.3,CA
USC00046635,15.1,22.17,13.37,1.73,0.71,0,1.62,15.71,10.32,5.08,13.2,16.16,33.8275,-116.5097,129.5,CA
USC00046646,60.55,61.96,73.12,21.91,4.43,1.61,0.13,0.41,8.82,22.43,57.27,54.1,37.4436,-122.1403,7.6,CA
USC00046657,70.75,80.16,94.6,37.37,4.88,0,15.76,21.08,18.35,22.04,85.91,103.77,33.3781,-116.84,1691.6,CA
USC00046685,171.61,178.88,242.65,82.81,18.99,12.45,0.83,3.37,51.44,73.03,249.46,199.02,39.7536,-121.6239,533.4,CA
USC00046699,14.15,11.56,14.14,4.92,0.93,0,9.75,22.62,17.03,10.04,14.78,20.01,34.2903,-114.1708,224.9,CA
USC00046719,66.36,57.32,94.27,41.24,3.47,1.64,0.76,6.91,21.11,22.17,57.49,62.1,34.1481,-118.1444,263.3,CA
USC00046730,50.27,53.61,67.03,26.32,0.99,0.58,0.13,1.32,9.32,16.57,38.02,42.25,35.6278,-120.6856,222.5,CA
USC00046773,25.11,14.95,21.72,10.19,1.24,0.62,3.91,2.98,8.06,8.4,14.81,36.27,34.5028,-117.8944,929.6,CA
USC00046826,98.24,102.08,119.28,34.34,5.46,2.6,0.66,1.55,12.04,31.47,108.55,88.32,38.2578,-122.6078,6.1,CA
USC00046926,51.71,48.27,90.48,29.78,4.49,1.35,0.13,2.06,13.66,24.59,54.37,48.27,36.4817,-121.1822,398.4,CA
USC00046943,51.68,70.4,80.44,30.28,2.45,0.28,0.08,1.33,3.21,21.77,45.69,56.65,35.1597,-120.6831,11.9,CA
USC00046960,119.92,139.71,172.77,64.52,15.1,8.17,0.38,1.43,41.63,59.87,183.56,133.16,38.6956,-120.8244,563.9,CA
USC00047050,55.36,66.5,65.86,27.69,0.71,0.74,0,2.42,10.14,17.2,53.65,48.83,34.0817,-117.7658,317,CA
USC00047077,37.65,35.52,53.65,21.48,8.6,0.77,0.68,0.59,9.35,12.31,37.82,27.14,36.0678,-119.02,119.8,CA
USC00047085,71.05,83.97,85.06,27.86,10.39,11.97,5.78,3.89,27.67,37.12,101.19,61.13,39.8053,-120.4719,1478.3,CA
USC00047109,150.92,163.09,188.39,61.34,20.17,4.53,0.82,3.12,29.15,75.47,219.77,170.14,39.3619,-123.1286,310.3,CA
USC00047150,70.87,67.37,100.87,36.31,2.82,1.51,0.13,0.91,13.8,27.83,64.7,61.92,36.1883,-120.6953,701,CA
USC00047228,43.45,55.76,85.63,22.68,5.25,0.82,2.65,5.03,8.83,14.79,56.1,46.95,33.0114,-116.9081,448.1,CA
USC00047253,26.13,19.24,37.92,8.5,1.91,1.68,3.81,9.51,5.16,8.97,20.25,24.61,35.3692,-117.6525,1088.1,CA
USC00047306,43.26,40.07,46.14,25.25,3.67,0.61,2.06,7.65,14.13,16.88,36.06,43.32,34.0528,-117.1894,401.7,CA
USC00047339,87.44,86.16,96.46,28.34,4.2,0.87,0.21,0.59,8.46,27.22,88.77,74.62,37.4767,-122.2386,9.4,CA
USC00047404,207.8,259.72,269.27,97.78,31.33,14.81,2.32,12.12,46.01,116.85,301.81,294.76,40.0261,-123.7931,153.3,CA
USC00047414,96.56,85.88,109.02,34.01,3.6,2.73,0.3,0.97,10.81,30.98,106.74,76.27,37.9192,-122.3772,6.1,CA
USC00047470,34.7,32.21,47.74,18.96,1.69,0.28,0.36,5.93,8.05,13.07,32.18,28.62,33.9511,-117.3881,256,CA
USC00047473,35.52,31.53,49.31,19.83,2.86,0.63,0.8,5.33,8.48,9.37,31.39,30.63,33.9669,-117.3614,300.5,CA
USC00047641,72.51,149.06,143.24,42.22,20.79,14.7,9.69,12.32,40.63,66.74,170.1,109.6,39.4317,-120.2406,1931.5,CA
USC00047643,128.34,169.9,145.24,41.48,7.91,1.7,0,1.17,18.67,44.4,151.06,133.42,38.5067,-122.4714,68.6,CA
USC00047668,50.13,52.74,77.19,21.67,3.45,1.97,0,0.63,10.57,14.52,59.68,38.37,36.6594,-121.6656,13.7,CA
USC00047689,141.57,183.66,207.86,82.44,30.97,17.56,3.74,3.4,52.25,82.52,213.21,152.5,38.5006,-120.2189,1127.8,CA
USC00047723,56.88,50.06,69.83,25.26,3.84,0.26,1.8,10.12,10.07,20.13,47.94,53.45,34.1344,-117.2539,347.5,CA
USC00047767,82.99,79.09,77.06,18.16,4.38,2.48,0.08,0.41,5.25,29.6,76.73,71.04,37.7281,-122.5053,2.4,CA
USC00047785,54.41,57.31,90.01,34.75,2.15,1.1,0.64,5.19,18.98,18.42,54.09,50.81,34.1061,-118.1,137.2,CA
USC00047807,121.17,98.19,141.36,43.55,10.64,4.57,2.46,1.97,14.72,40.23,116.75,105.01,37.3117,-122.3617,83.8,CA
USC00047813,35.8,38.46,57.73,17.84,4.14,1.41,4.93,3.14,9.69,13.63,34.59,40.01,33.7869,-116.9583,475.5,CA
USC00047821,60.13,49.21,68.05,26.39,3.79,0.44,0.33,0.08,9.58,22.34,58.52,42.75,37.3592,-121.9239,15.5,CA
USC00047846,35.93,36.98,40.23,14.77,1.92,1.33,0,4.85,10.64,13.32,40.61,33.1,37.0533,-121.0578,84.4,CA
USC00047851,81.81,91.1,107.59,32.02,3.45,0.9,0.47,2.56,10.78,28.62,66.79,77.17,35.3039,-120.665,93.9,CA
USC00047874,33.94,48.16,72.62,25.62,3.58,0.87,0.25,2.71,8.43,13.95,47.21,51.49,33.0956,-116.9975,128,CA
USC00047880,127.51,131.94,147.67,41.52,3.99,2.92,0,0,12.96,34.28,129.86,145.84,37.9983,-122.5372,36.6,CA
USC00047888,43.65,45.74,59.56,20.72,1.16,0.57,0.38,2.05,10.36,13.3,46.32,39.65,33.7442,-117.8667,41.1,CA
USC00047902,66.73,72.66,59.21,37.12,1.09,0.65,0.44,3.08,7.64,12.34,60.53,51.72,34.4167,-119.6844,1.5,CA
USC00047916,112.1,112.83,151.99,41.43,5.58,1.55,0.33,0.97,15.81,32.59,120.69,97.53,36.9906,-121.9911,39.6,CA
USC00047953,38.34,48.66,55.04,15.78,0.2,0.23,0.1,2.86,8.21,10.77,44.82,35.36,34.0075,-118.4997,4.3,CA
USC00047957,62.42,59.24,68.9,25.22,0.63,0.33,0.18,2.85,10.11,15.86,52.32,50.06,34.3119,-119.1331,72.2,CA
USC00047965,120.91,117.99,136.36,32.71,8.82,2.31,0.16,2.45,20.81,39.35,139.58,115.32,38.4381,-122.6978,53,CA
USC00048045,161.3,151.44,194.34,67.7,29.48,18.06,2.15,11.11,22.83,72.54,200.58,210.67,40.4831,-124.1036,41.5,CA
USC00048135,204.59,204.57,272.53,88.47,56.15,19.34,6.51,7.35,53.2,79.31,240.72,230.38,40.7142,-122.4161,327.7,CA
USC00048163,179.38,186.55,227.29,84.31,55.49,34.32,7.95,24.02,45.6,113.57,247.8,262.53,40.0331,-124.0728,75,CA
USC00048200,12.25,8.91,21.31,6.74,8.64,0.76,5.11,20.14,3.96,6.04,15.37,16.56,35.9717,-116.2708,471.2,CA
USC00048207,185.18,284.09,294.52,96.02,46.08,20.65,8.73,11.2,63.99,129.59,323.25,224.72,39.5678,-120.6228,1292.4,CA
USC00048351,124.29,125.86,143.39,38.33,6.4,2.27,0.03,3,14.32,37,129.18,112.65,38.2994,-122.4622,29.6,CA
USC00048353,123.88,129.03,165.81,72.3,8.69,3.16,0.23,3.47,25.32,51.25,133.39,111.36,37.9672,-120.3872,510.5,CA
USC00048380,125.57,178.01,175.03,64.04,20.05,13.88,1.76,2.29,33.23,63.45,154.63,106.37,37.5072,-119.6331,1538.3,CA
USC00048490,199.53,286.69,280.91,90.17,43.13,16.55,5.04,12.78,45.63,115.87,320.18,302.99,39.8778,-123.7275,260,CA
USC00048560,63.52,60.89,82.77,33.81,2.75,2.59,0.1,0.2,17.66,22.12,70.35,52.01,37.9994,-121.3178,3.7,CA
USC00048587,82.46,60.53,83.69,25.55,12.24,6.37,2.28,0.92,16.81,31.98,74.54,82.84,39.5858,-122.5339,243.8,CA
USC00048606,220.06,293.64,337.06,138.73,41.43,17.78,2.72,3.69,72.64,117.5,340.29,297.04,39.5631,-121.1078,1160.7,CA
USC00048655,30.53,38.5,51.03,23.25,3.55,0.46,1.09,7.89,5.13,8.35,23.4,30.25,33.7156,-117.19,432.8,CA
USC00048702,38.18,46.22,40.91,18.49,16.27,9.96,4.12,4.43,19.28,26.45,67.58,34.75,40.4167,-120.6631,1275.3,CA
USC00048752,17.42,19.05,29.58,13.72,2.94,1,0.17,2.31,19.71,23.66,22.23,10.54,35.1503,-119.43,235.6,CA
USC00048758,98.75,132.68,127.97,41.67,18.26,19.7,6.79,8.89,38.64,56.45,163.33,108.33,39.1678,-120.1428,1898.9,CA
USC00048826,31.78,28.2,68.13,15.53,5.24,2.89,2.86,10.5,5.94,14.48,48.44,38.75,35.1333,-118.45,1224.4,CA
USC00048873,16.61,19.58,24.42,16.23,20.28,13.64,5.95,6.78,18.66,20.48,38.84,25.21,40.8667,-120.4333,1615.4,CA
USC00048917,106.61,103.32,124.31,52.92,9.54,7.22,0.93,1.04,28.8,32.42,99.12,79.05,36.465,-118.8619,347.5,CA
USC00048928,147.95,177.53,214.59,74.34,19.96,6.16,0.21,1.76,42.76,71.56,203.27,138.89,38.4461,-120.4992,717.8,CA
USC00049001,51.26,48.61,51.21,20.64,1.73,3.84,0.08,1.4,13.48,17.83,54.96,39.57,37.7967,-121.5828,18.6,CA
USC00049026,89.44,107.98,127.25,37.77,16.67,10.1,5.96,4.02,34.38,49.01,145.07,121,40.7264,-122.7947,567.2,CA
USC00049035,15.32,12.48,11.87,3.04,2.14,2.74,2.76,16.55,3.96,3.62,11.31,12.81,35.7636,-117.3908,516.6,CA
USC00049043,85.11,117.11,116.94,45.4,19.84,16.89,10.85,10.86,37.45,52.85,150.7,99.15,39.3331,-120.173,1774.9,CA
USC00049053,31.24,30.78,28.47,22.68,19.18,17.7,11.88,10.5,18.65,20.89,37.6,33.67,41.96,-121.4744,1229.9,CA
USC00049073,43.38,36.66,58.55,22.22,1.31,0.86,0,0,17.2,17.87,49.86,36.5,37.5006,-120.855,35.1,CA
USC00049087,39.22,47.92,56,24.89,1.31,0.24,0.4,4.88,10.76,15.47,45.25,41.02,33.7025,-117.7539,71.6,CA
USC00049099,10.43,8.31,12.94,1.36,3.44,0.13,17.14,22.14,8.94,6.45,7.7,16.32,34.1281,-116.0369,602,CA
USC00049105,132.45,165.76,187.67,66.14,39.61,24.39,13.66,15.82,45.95,75.94,210.66,140.15,38.7086,-120.0403,2438.4,CA
USC00049111,66.35,56.64,88.36,35.75,2.81,0.97,0.08,1,9.89,19.24,49.04,48.23,34.9881,-120.3211,177.4,CA
USC00049122,140.12,132.02,154.88,52.46,11.06,5.01,1.05,2.89,23.74,59.45,174.7,146.99,39.1467,-123.2103,193.9,CA
USC00049152,56.76,64.76,77.7,27.6,0.68,0.44,0.31,2.85,14.59,22.34,54.83,47.1,34.0697,-118.4428,131.1,CA
USC00049200,97.94,103.27,108.03,34.44,3.85,0.57,0,0.3,14.15,26.84,110.32,81.41,38.3956,-121.9608,33.5,CA
USC00049325,22.12,10.66,26.82,11.21,2.6,0.2,4.15,6.53,4.68,8.71,16.56,24.13,34.535,-117.3058,871.1,CA
USC00049351,35.05,56.34,44.46,16.35,16.07,12.29,6.27,9.71,20.9,27.3,66.45,36.19,39.8056,-120.1858,1508.8,CA
USC00049367,34.49,40.44,51.17,21.41,4.27,2.06,0.69,0.49,5.99,13.01,41.83,27.27,36.3283,-119.2992,99.1,CA
USC00049378,32.66,39.41,60.34,26.02,1.77,0.95,0.99,2.25,10.56,15.05,46.07,47.44,33.2294,-117.2269,155.4,CA
USC00049440,180,151,209.18,59.32,11.01,2.78,0.48,3.56,22.18,57.56,181.07,185.29,38.7161,-122.9975,68.3,CA
USC00049452,25.48,18.19,38.62,19.47,0.97,2.91,0.45,1.66,5.1,6.39,21.28,16.5,35.5892,-119.3519,88.7,CA
USC00049473,90.81,82.98,109.32,44.5,5.06,1.81,0.1,0.15,12.68,26.82,92.43,71.48,36.9308,-121.7692,29,CA
USC00049490,126.14,130.11,139.35,46.75,19.53,12.03,6.74,4.89,33.55,59.47,176.52,149.9,40.7222,-122.9331,599.8,CA
USC00049621,212.85,202.18,301.05,90.98,50.86,21.59,5.94,3.09,50.63,77.32,263.18,228.16,40.6117,-122.5281,394.7,CA
USC00049671,18.12,9.65,31.21,8.03,5.26,4.49,5.6,34.82,11.79,4.07,13.72,16.36,36.2656,-117.1853,1249.7,CA
USC00049684,161.4,184.37,191.67,63.4,20.39,9.1,1.3,2.82,30.36,72.49,248.33,194.99,39.4194,-123.3425,412.4,CA
USC00049742,97.8,85.48,102.2,30.01,5.26,1.66,0,1.02,13.83,25.54,98.33,79.54,38.5228,-121.9683,41.1,CA
USC00049781,85.32,67.29,97.52,31.58,4.08,3.45,0,1.55,23.84,32.53,88.67,67.71,38.6828,-121.7942,21,CA
USC00049792,121.42,116.54,137.01,41.28,5.26,1.75,0.66,0.46,9.98,27.95,131.37,102.2,37.4286,-122.2567,115.8,CA
USC00049822,60.11,57.88,92.36,25.03,13.34,0.16,11.31,18.38,12.78,30.85,63.82,93.61,34.3617,-117.6386,1828.8,CA
USC00049855,106.93,144.82,143.79,55.77,23.82,20.57,9.61,2.96,30.14,69.17,148.21,107.43,37.75,-119.5897,1224.7,CA
USC00049866,44.65,64.3,45.64,15.99,17.93,23.23,7.28,10.74,17.78,26.5,92.04,85.52,41.7036,-122.6408,800.1,CA
USW00003102,42.45,51.64,53.91,27.98,2.65,0.17,0.1,0,7.05,9.53,39.04,36.22,34.0561,-117.6003,289.3,CA
USW00003104,9.89,12.2,10.7,1.2,1.45,0.03,4.81,11.03,3.84,6.95,8.43,10.36,33.6267,-116.1594,-36,CA
USW00003122,51.82,47.11,58.51,23.01,1.67,0.43,0.73,1.68,9.4,14.49,50.23,41.12,33.8017,-118.3411,27.4,CA
USW00003131,33.74,37.68,56.45,24.91,1.2,0.6,0.25,0,9.23,12.93,42.13,31.35,32.8158,-117.1394,127.1,CA
USW00003159,23.5,20.86,36.95,7.67,1.63,0.61,2.24,7.16,4.43,10.9,23.31,30.28,34.7411,-118.2117,712.6,CA
USW00003164,41.07,51.86,72.05,19.12,2.64,1.66,10.19,23.63,11.01,20.22,46.61,44.11,32.6233,-116.4728,801.6,CA
USW00003166,35.28,47.63,50.23,22.47,0.83,0.6,0.8,0.36,22.05,12.08,32.53,35.7,33.8719,-117.9789,29.3,CA
USW00003167,38.73,45.08,56.5,21.55,0.21,0.35,0.21,0,20.6,11.69,40.83,35.39,33.9228,-118.3342,19.2,CA
USW00003171,23.29,32.67,42.98,18.67,0.88,0.22,0,0,0,4.9,21.17,28.06,33.9519,-117.4386,245.4,CA
USW00003177,27.98,41.81,30.01,18.27,2.09,0.53,0.54,0.94,3.13,12.74,66.62,25.99,33.1281,-117.2794,100,CA
USW00003178,27.68,37.37,53.26,23.4,1.65,0.86,0.55,8.04,8.68,11.19,36.45,31.29,32.5722,-116.9794,157,CA
USW00003179,30.73,44.91,45.69,22.98,0.34,1.01,0.41,0,7.37,16.19,22.19,28.45,33.9753,-117.6361,198.1,CA
USW00023110,30.7,24.14,40.09,17.92,2.67,1.37,0.05,1.35,9.96,9.62,20.37,20,36.3333,-119.95,70.7,CA
USW00023129,34.98,40.14,51.2,15.92,1.46,0.31,0.8,1.82,10.18,13.17,41.8,37.59,33.8117,-118.1464,9.4,CA
USW00023130,42.47,36.33,53.89,21.52,1.93,0.31,0.11,0,17.96,9.57,29.96,38.46,34.2097,-118.4892,234.7,CA
USW00023136,42.79,35.82,60.87,25.22,1.65,0.35,0.08,0.93,8.38,10.87,56.18,31.59,34.2167,-119.0833,23.5,CA
USW00023152,50.79,49.09,79.68,33.75,1.46,0.89,0.61,3.23,11.3,21.07,40.64,47.51,34.2006,-118.3575,225.9,CA
USW00023155,20.5,15.96,31.4,11.06,2.44,3.11,0,3.2,4.25,5.63,21.23,14.13,35.4344,-119.0542,149,CA
USW00023156,56.68,50.4,78.99,30.26,12.55,2.6,8.81,8.32,15.86,22,54.11,58.56,33.9286,-116.9814,789.7,CA
USW00023157,16.17,14.1,9.8,9.81,6.75,6.19,4.82,4.79,6.04,3.04,21.55,16.96,37.3711,-118.3581,1250.3,CA
USW00023158,5.63,5.48,9.98,2.82,0.53,0.18,12.1,15.84,10.05,5.81,10.44,17.53,33.6186,-114.7142,120.4,CA
USW00023161,12.89,7.47,12.53,4.63,2.12,2.24,15.69,12.38,2.01,5.3,7.67,15.64,34.8536,-116.7858,584.3,CA
USW00023174,41.71,49.05,52.42,19.99,0.89,0.34,0.43,3.96,12.61,11.03,44.96,34.45,33.9381,-118.3889,29.6,CA
USW00023179,9.44,11.16,11.88,9.86,1.58,0.14,4.09,21.75,10.86,9.22,14.11,16.28,34.7675,-114.6189,271.3,CA
USW00023182,14.69,24.24,38.06,6.31,3.93,2.87,0.8,1.48,2.68,9.41,13.94,20.98,34.6294,-118.0836,769.3,CA
USW00023187,29.92,29.11,36.18,16.75,1.36,0.27,0.36,0.87,7.37,6.88,26.7,56.41,34.7436,-118.7242,1374.6,CA
USW00023188,27.99,35.76,53.66,23.64,0.55,0.38,0.62,1.17,7.12,12.13,43.45,40.73,32.7336,-117.1831,4.6,CA
USW00023190,57.03,74.51,80.52,27.88,0.73,1.17,0.14,6.8,16.32,16.63,50.57,53.86,34.4258,-119.8425,2.7,CA
USW00023213,140.53,157.83,148.37,48.98,7.29,3.02,0,0,13.28,49.35,154.29,116.86,38.5039,-122.8103,34.7,CA
USW00023225,179.22,262.46,296.88,112.19,40.9,19.36,3.13,6.95,56.84,112.96,296.54,248.09,39.2775,-120.7103,1608.1,CA
USW00023230,63.09,69.81,106.2,24.53,3.85,3.78,0,0.32,15.73,31.41,79.75,68.19,37.7214,-122.2208,1.8,CA
USW00023232,64.74,65.06,85.11,28.65,4.55,3.61,0,0.97,18.76,27.76,71.15,56.17,38.5069,-121.495,4.6,CA
USW00023233,40.85,42.65,61.44,17.57,1.97,1.51,0.17,0.38,10.57,12.5,47.46,30,36.6636,-121.6081,22.6,CA
USW00023234,88.35,73.05,92.14,27.34,2.49,2.52,0.14,0.34,9.65,24.98,78.6,69.82,37.6197,-122.3647,2.4,CA
USW00023237,53.11,48.02,69.88,21.03,2.55,2.33,0.18,0.06,18.48,22.51,55.08,42.16,37.8892,-121.2258,7.9,CA
USW00023239,85.53,70.15,86.43,25.41,3.41,3.03,0.21,0.52,10.56,29.21,79.85,67.45,37.7333,-122.3167,4.9,CA
USW00023244,56.17,53.06,65.25,23.14,3.52,0.89,0.33,0.18,10.13,21.02,55.98,43.1,37.4058,-122.0481,11.9,CA
USW00023254,68.17,62.73,78.38,29.54,4.15,1.22,0,0,9.94,24.54,46.21,63,37.9917,-122.055,5.5,CA
USW00023257,47.52,47.04,62.73,20.22,3.82,0,0,0,20,23.23,51.11,33.43,37.2847,-120.5128,46.3,CA
USW00023258,47.13,43.97,69.8,22.95,2.28,1.5,0.03,0.69,17.05,20.77,51.89,36.95,37.6242,-120.9506,22.3,CA
USW00023259,63.84,48.24,70.64,25.46,3.58,1.92,0.63,0.5,8.89,21.81,64.23,47.06,36.5881,-121.8453,50.3,CA
USW00023271,73.57,73,96.1,30.77,3.77,3.01,0.03,1.2,18.31,29.83,90.68,69.44,38.5556,-121.4169,11.6,CA
USW00023272,83.66,79.73,100.54,28.53,4.48,3.7,0.11,0.92,11.18,29.32,96.97,75.31,37.7706,-122.4269,45.7,CA
USW00023273,45.14,48.26,69.36,24.58,0.97,0.51,0.03,1.3,6.39,14.19,37.45,42.71,34.8994,-120.4486,73.8,CA
USW00023277,68.05,84.68,103.29,29.35,3.17,2.96,0.16,4.58,14.43,23.58,73.93,54.14,36.9358,-121.7886,48.8,CA
USW00023285,60.9,60.99,64.03,22.47,3.44,0.97,0,0.08,8.26,24.78,66.1,46.14,37.6928,-121.8144,119.8,CA
USW00023293,55.57,45.28,56.63,26.32,2.24,0.74,0.11,0.56,9.58,31.78,58.8,36.08,37.3592,-121.9239,15.5,CA
USW00024213,121.5,112.85,134.22,56.07,35.55,17.47,3.84,10.75,19.74,61.85,158.42,160.54,40.8097,-124.1603,6.1,CA
USW00024215,114.43,132.36,155.12,50.61,27.47,20.22,14.63,7.82,28.55,66.08,149.9,136.98,41.3325,-122.3328,1077.5,CA
USW00024216,84.41,67.24,95.48,28.03,22.41,10.69,1.93,3.93,29.06,41.13,91.35,84.52,40.1519,-122.2536,107.6,CA
USW00024257,96.73,88.67,122.45,59.6,24.25,14.79,1.2,4.1,27.78,54.22,162.89,122.1,40.5175,-122.2986,151.5,CA
USW00024283,130.88,143.59,148.41,75.17,43.11,25.4,6.19,17.88,24.94,73.41,196.25,174.7,40.9781,-124.1086,61,CA
USW00053119,27.53,20.88,42.05,17.3,4.16,4.34,0,1.57,9.94,11.34,33.9,23.05,36.3189,-119.6289,75.9,CA
USW00053120,32.95,48.64,71.28,27.56,1.56,0.66,0.67,0.15,7.34,13.15,62.34,43.08,33.0375,-116.9158,424.6,CA
USW00093101,39.26,44.65,61.78,28.01,4.8,1.04,0.83,3.15,11.69,12.67,41.47,43.92,33.6667,-117.7333,116.1,CA
USW00093107,30.02,35.02,58.64,18.99,1.92,0.37,0.64,1.28,6.67,10.98,41.77,41.75,32.8667,-117.1333,145.4,CA
USW00093110,45.75,51.51,77.28,20.89,3.04,0.2,0.29,0.59,10.15,10.53,45.45,40.38,34.2008,-119.2069,11,CA
USW00093111,46.81,49.93,50.87,21.39,0.39,0.19,0.72,3.63,11.23,10.63,43.04,39.51,34.1167,-119.1167,4,CA
USW00093112,19.75,31.12,44.42,18.84,0.29,0.26,0.31,0.84,6.51,12.97,37.73,35.11,32.7,-117.2,7.9,CA
USW00093114,28.74,40.82,56.71,22.77,1.44,0.29,0.41,2.75,13.1,10.05,41.22,34.06,33.7,-117.8333,18,CA
USW00093134,44.49,51.67,63.19,29.7,1.92,0.19,0.48,3.16,14.56,13.57,41.05,42.28,34.0511,-118.2353,70.1,CA
USW00093138,17.87,27.41,12.87,2.09,0.57,0,10.56,13.99,5.64,6.21,10.57,20.22,33.8281,-116.5053,128.3,CA
USW00093184,36.44,39.11,41.73,11.48,0.93,0,1.84,0.7,11.9,15.21,41.37,35.19,33.68,-117.8664,16.5,CA
USW00093193,42.09,36.45,56.94,20.15,6.12,2.25,0.1,0.36,10.3,12.89,36.39,32.15,36.78,-119.7194,101.5,CA
USW00093206,60.63,64.44,92.47,32.5,2.74,1.39,0.03,4.07,7,23.69,62.07,54.77,35.2372,-120.6414,61,CA
USW00093209,43.8,46.85,65.11,20.73,0.44,0.26,0,8.13,10.88,13.61,36.86,41.46,35.6697,-120.6283,246.9,CA
USW00093210,107.98,97.98,100.3,40.81,6.13,1.45,0.49,1.54,27.67,40.47,99.81,77.67,39.49,-121.6183,57.9,CA
USW00093225,69.81,65.6,84.74,30.35,5.85,2.96,0,0,12.74,19.67,90.43,59.2,38.6956,-121.5897,7,CA
USW00093227,79.64,80.92,71.09,26.67,3.59,3.9,0,0,16.21,23.4,85.27,64.45,38.2103,-122.2847,4.3,CA
USW00093228,63.64,58.34,78.82,25.44,3.1,2.6,0,1.38,18.13,24.99,74.45,52.13,37.6542,-122.115,13.1,CA
USW00094299,19.99,35.31,50.91,27.29,18.92,10.97,2.99,7.36,18.35,25.31,42.63,29.66,41.4914,-120.5644,1333.5,CA
