STNID;M1;M2;M3;M4;M5;M6;M7;M8;M9;M10;M11;M12;_ID;_LATITUDE;_LONGITUDE;_ELEVATION;_STATE
USC00044523;31.1;33.3;36.7;41.5;48.8;56.3;62.5;61.5;55.1;46.2;36.2;30.8;USC00044523;35.7831;-118.4389;823.9;CA
USC00044534;36.3;39.7;44;47.8;55.4;61.4;67.2;65.4;60.2;51.6;40.6;35.6;USC00044534;36.0042;-119.96;73.2;CA
USC00044555;37.7;40.2;42.1;43.5;47.1;50.4;53.1;53;51.1;46;40.5;36.9;USC00044555;36.2069;-121.1378;97.5;CA
USC00044577;35.8;36.5;38.1;39.9;44;47.6;50.4;50.8;47.4;42.9;38.8;35.5;USC00044577;41.5786;-124.0747;8.5;CA
USC00044647;44;45;47.3;49.5;54.3;57.6;60.5;60.3;59.2;54.4;47.9;43.1;USC00044647;33.5453;-117.7814;13.4;CA
USC00044671;29.7;30;32;35.6;42.2;49.3;56.8;57;51.1;42.2;34.8;29.6;USC00044671;34.2467;-117.1883;1586.5;CA
USC00044712;38.3;41.7;44.8;47.9;53.5;58.9;60.2;58.6;56.4;50.9;44;38.3;USC00044712;38.4919;-122.0039;57.9;CA
USC00044713;25.4;25.5;27.7;30.6;36.6;42.7;47.8;46.7;43.1;36.6;29.6;25.1;USC00044713;39.3183;-120.6392;1571.5;CA
USC00044735;46.5;47.5;49.7;52.6;56.5;59.8;63.4;64.7;62.8;57.6;50.8;45.9;USC00044735;32.7675;-117.0233;161.5;CA
USC00044838;22.9;24.6;27.8;31.6;38;44.2;51.1;50.3;44;35.9;27.3;22.3;USC00044838;41.7019;-121.5011;1453.9;CA
USC00044881;19.6;22.2;27.1;32.3;39.6;47;53.2;51.7;44.8;35.8;27.6;20.8;USC00044881;37.9567;-119.1194;2071.7;CA
USC00044890;37.7;41.4;44.7;47.4;53.2;58.9;63.9;62.2;57.9;50.5;42.2;37;USC00044890;36.3817;-119.0264;156.4;CA
USC00044957;37.1;39.7;43.1;46.3;52.3;58.2;63.5;61.4;56.3;48.4;40.8;35.7;USC00044957;36.2033;-119.0545;132.6;CA
USC00044997;39;41.5;43.9;46;50.2;54.2;56.8;56.7;54.9;50;43.4;39.1;USC00044997;37.6922;-121.7692;146.3;CA
USC00045026;16.1;17.5;21.5;25.6;32.7;39.2;45.1;43.8;38.4;30.7;23;16.6;USC00045026;36.6044;-118.7325;2052.8;CA
USC00045032;38.5;40.8;43.4;46;51.1;55.3;57.6;56.8;54.6;49;42.2;37.7;USC00045032;38.1061;-121.2878;12.2;CA
USC00045064;42.3;44;45.8;47;50.3;53;55.4;55.9;54.6;51;45.5;41.6;USC00045064;34.6539;-120.4514;29;CA
USC00045118;38.5;42.2;45.7;48.6;54.7;59.5;63.1;61.9;59;52.2;43.8;37.7;USC00045118;37.0564;-120.8667;36.6;CA
USC00045120;39.1;43;46.1;49.4;55.2;60.6;64.6;63.5;61;54.3;45.7;39.1;USC00045120;36.9897;-120.9297;124.1;CA
USC00045123;38.9;41;42.9;44.6;48.7;52.4;55.4;55.2;53.2;48.8;42.7;39.1;USC00045123;37.2319;-121.9592;111.3;CA
USC00045233;36.8;39.2;43.1;46.5;52.9;58.5;62.9;61.6;57.1;48.4;40.5;35.8;USC00045233;36.9539;-120.0378;82.3;CA
USC00045280;14.8;15.6;20.4;25.6;33.1;40;45.3;44.8;37.5;28.7;21.4;16.5;USC00045280;37.6478;-118.9617;2378.7;CA
USC00045311;21.4;21.5;24.5;27.8;34.5;40.7;45.3;43.9;39.6;33.2;26.1;21.5;USC00045311;40.5411;-121.5767;1752.6;CA
USC00045360;35.3;37;39.7;42.3;47.9;53.3;56.3;55;52.6;46.7;40.1;35.6;USC00045360;38.4917;-122.1242;146.3;CA
USC00045378;35.6;38.1;40.7;42.7;46.4;50.2;51.1;51.2;49.9;45.8;40;35.5;USC00045378;38.0131;-122.1142;12.2;CA
USC00045385;39.3;42.6;45.7;48.7;55.1;60.3;63.7;61.9;58.8;52;44.6;39.5;USC00045385;39.1458;-121.5853;17.4;CA
USC00045449;25;26.3;28.7;32.5;39.1;45;49.3;47.1;41.6;34.6;28.8;25.1;USC00045449;41.2514;-122.1383;999.7;CA
USC00045502;40.1;43.4;49.3;54.8;62.6;68.5;75.2;75.4;68.9;57.9;45.7;38.5;USC00045502;33.5714;-116.0767;-54.9;CA
USC00045532;37.2;39.7;42.6;45.6;52.1;57.4;61.7;60.2;56.1;48.6;41.3;36.6;USC00045532;37.2858;-120.5117;46.6;CA
USC00045679;22.4;22.9;25.7;28.6;34.1;39.5;43.1;41.3;37.4;31.6;26.7;23.2;USC00045679;40.3458;-121.6092;1485.9;CA
USC00045721;39.3;40.5;44.3;49.3;58.3;67.4;73.1;71.8;65.4;55.8;45.4;38.4;USC00045721;34.9436;-115.5469;1325.9;CA
USC00045756;33.5;36.5;41.3;46.4;55.6;63.9;69.6;67.5;60.6;50.4;40.3;32.7;USC00045756;35.0492;-118.1619;833.6;CA
USC00045790;47.4;48.3;50.2;52.8;57;60.5;64.3;64.7;63.1;58.1;51.8;46.5;USC00045790;34.0192;-118.1053;75;CA
USC00045795;43.7;44.7;45.4;46.2;48.1;50.3;52.2;53.1;52.8;50.8;47.1;43.8;USC00045795;36.5903;-121.91;117.3;CA
USC00045802;41.8;44.1;45.4;47.3;49.7;52;53.9;54.4;53.1;49.8;45.7;41.8;USC00045802;36.5928;-121.8556;37.2;CA
USC00045853;41.7;44;46.3;48.7;52.3;56.1;58;58;56.1;52.5;45.7;42.1;USC00045853;37.1364;-121.6025;114.3;CA
USC00045866;44.6;46.2;47.3;47.7;50.2;52.5;55;55.6;54.6;52.2;48.5;44.5;USC00045866;35.3672;-120.8456;35.1;CA
USC00045892;29.8;32.1;36.2;42.3;51.2;61;67.5;66.8;59.1;45.9;36.6;28.6;USC00045892;35.4592;-115.5311;1456;CA
USC00045915;40;40.3;41.8;43.7;48.9;54.3;60.3;59.7;57.8;51.6;44.5;39.8;USC00045915;37.8792;-121.9303;661.4;CA
USC00045933;38.4;37.5;38.6;40.8;47.6;55.6;64.6;64.1;59.4;51.7;42.5;37.8;USC00045933;37.3436;-121.6425;1282;CA
USC00045968;34.4;33.9;36.9;39.7;46.6;52.7;59.9;58.8;53.7;44.3;39;33.7;USC00045968;32.8672;-116.4194;1804.4;CA
USC00046006;36.6;35.7;37.7;40.9;48.1;56.2;63.4;63;57.9;49.8;41.6;36.5;USC00046006;34.2308;-118.0711;1740.4;CA
USC00046074;39.4;41.9;43.5;45.2;49.6;53.4;55.1;55;53.2;49.2;43.7;39.6;USC00046074;38.2778;-122.2647;10.7;CA
USC00046136;34.5;35.1;37.2;39.9;46.7;53.3;59.1;58.3;54.3;46.9;38.7;34.3;USC00046136;39.2467;-121.0008;847.6;CA
USC00046144;42.1;45.2;47.7;50.1;53.2;56.3;57.8;58.4;57.5;53.7;47.5;42.3;USC00046144;37.5147;-122.0325;3;CA
USC00046154;33.1;35.3;37.3;39.3;45.7;51;56.3;55.2;50.9;43.4;36.3;32.5;USC00046154;34.9456;-119.6828;658.4;CA
USC00046161;44;43.7;46.3;49.1;52.8;56.8;62;64.1;61.8;55;48.3;44.3;USC00046161;34.3933;-118.5939;538;CA
USC00046168;37.5;40.6;43.3;45.8;51.7;56.8;60.7;59.6;56.5;49.8;42;37.3;USC00046168;37.2811;-121.0178;27.4;CA
USC00046172;33.7;35.1;39.5;43.4;48.9;54.1;59.2;58.4;53.3;46.6;38.9;33.5;USC00046172;37.95;-120.5333;236.2;CA
USC00046174;37.9;40.4;43.2;45.8;52.3;58.6;65.1;63.9;59.7;52.1;43.4;38;USC00046174;38.0047;-120.4864;292.6;CA
USC00046175;49.8;50.7;52.3;54.6;58.3;61.2;64.2;64.9;63.6;59.7;53.7;49.3;USC00046175;33.6025;-117.8803;3;CA
USC00046252;30.4;30.3;34.7;38.3;45.4;51.5;57.5;57;51.5;43.3;35.5;31.4;USC00046252;37.2328;-119.5097;806.2;CA
USC00046263;45.6;46.2;48.7;50.6;55.7;59.3;63.4;63.8;61.8;55.3;49.1;44.9;USC00046263;34.2447;-118.525;289;CA
USC00046336;44.3;46.8;48.5;50;52.7;55;56.2;57.5;57.1;54.4;49.1;44.7;USC00046336;37.7983;-122.2642;9.1;CA
USC00046370;41.2;42.8;44.6;45.4;47.9;50.9;52.1;52.8;53.6;50.9;45.9;40.6;USC00046370;38.3858;-122.9661;263.7;CA
USC00046377;45.2;46.4;48.6;51.9;56.2;59.7;63.2;64;61.7;56.5;49.4;44.7;USC00046377;33.2097;-117.395;3;CA
USC00046386;47.7;50;55.3;60.1;67.9;74.5;82.3;81.1;76.6;66.5;53.7;46.5;USC00046386;33.1553;-116.1689;118.9;CA
USC00046399;36.1;38.3;40.6;43.2;48;51.5;55.7;55.1;52.7;47.2;39.8;35.4;USC00046399;34.4478;-119.2275;227.1;CA
USC00046498;36.8;37.2;37.9;39.1;42.6;46.1;48.5;48.6;45.1;41.9;39.2;36.3;USC00046498;41.3619;-124.0192;48.8;CA
USC00046506;37.2;40;43.3;46.5;53.5;60;63;60.6;57;50.3;42.3;36.9;USC00046506;39.7458;-122.1997;77.4;CA
USC00046508;37.4;39.3;41.2;43;47.6;51.9;55.9;55.3;51;46.1;41.7;37.2;USC00046508;41.3089;-123.5317;122.8;CA
USC00046521;38.2;41;44.5;47;52.7;57.9;61.8;59.5;55.2;49.3;43;38.5;USC00046521;39.5178;-121.5531;52.1;CA
USC00046569;46.2;47.5;49.3;50.7;54.3;57.7;60.5;60.8;59.3;55.5;50.4;46.2;USC00046569;34.1981;-119.1753;14.9;CA
USC00046572;45;46.4;47.3;48.8;52.8;56.3;59.2;58.8;57.9;54.2;49.5;44.5;USC00046572;34.2067;-119.1375;15.8;CA
USC00046599;47.6;48.5;48.7;49.4;51.5;53.3;54.8;55.6;56.2;54.8;51.8;48.3;USC00046599;37.5917;-122.4717;144.8;CA
USC00046610;33.7;35.2;37.4;38.8;42.4;46;48.7;48.1;46.6;40.5;36.2;32.6;USC00046610;36.715;-121.3492;275.8;CA
USC00046624;34.2;37.3;40.8;45.2;52.7;59.9;66.4;65.2;59.3;49.5;39.5;33.9;USC00046624;34.5883;-118.0939;794.3;CA
USC00046635;45.4;48;52.2;57.4;64.3;70.8;77.5;77.6;71.9;62.3;51.6;44.1;USC00046635;33.8275;-116.5097;129.5;CA
USC00046646;38.5;40.6;43.1;44.7;48.7;52.4;55.1;54.9;52.5;48.1;42.4;38;USC00046646;37.4436;-122.1403;7.6;CA
USC00046657;35.8;35.3;37.8;41.2;48;56.4;63.5;63.4;58.2;49.4;41.4;35.7;USC00046657;33.3781;-116.84;1691.6;CA
USC00046685;39.3;41.3;44;47.4;53.6;60.4;66.1;64.7;61;53.7;44.5;39.3;USC00046685;39.7536;-121.6239;533.4;CA
USC00046699;39.6;43.3;49.1;55.6;65;74.1;79.8;78.6;71.8;59.6;47.4;39.1;USC00046699;34.2903;-114.1708;224.9;CA
USC00046719;47.6;48.6;50.3;52.9;56.6;60.3;64.2;64.9;63.4;58;51.4;46.9;USC00046719;34.1481;-118.1444;263.3;CA
USC00046730;33.4;36.8;39.6;40.9;45.6;49.3;52.6;51.8;48.6;42.8;36.5;32.3;USC00046730;35.6278;-120.6856;222.5;CA
USC00046773;37.2;39;42;45.8;53.2;60.3;67.2;66.9;61.5;53;43.2;36.6;USC00046773;34.5028;-117.8944;929.6;CA
USC00046826;39.2;40.9;42.3;43.8;47.3;50.6;52.3;52.6;51.2;47.6;42.2;38.5;USC00046826;38.2578;-122.6078;6.1;CA
USC00046926;27;29.4;31.5;32.9;37.2;40.8;44.6;44.6;41.8;36.3;30.9;26.7;USC00046926;36.4817;-121.1822;398.4;CA
USC00046943;44.5;45.9;46.6;47.9;49.5;52.4;54.3;54.9;54;52.2;48.4;44.2;USC00046943;35.1597;-120.6831;11.9;CA
USC00046960;35.4;37.9;40.7;43.7;49.3;55.4;61.3;60.1;56.5;48.9;40.2;35.9;USC00046960;38.6956;-120.8244;563.9;CA
USC00046962;39.2;41;40.8;44.7;52.2;58.3;64.5;64.2;61;52.9;42.2;37.3;USC00046962;38.7333;-120.7333;839.7;CA
USC00047050;43.2;44.9;46.6;49.3;54.1;57.4;61.7;61.7;60.3;54.5;47.1;42.3;USC00047050;34.0817;-117.7658;317;CA
USC00047077;38.6;42;45.7;49.2;55.5;61.8;67.6;65.8;61;52.4;43.3;38;USC00047077;36.0678;-119.02;119.8;CA
USC00047085;18.9;20.9;25.4;28.9;34.6;39.6;43.6;42;36.6;30;24.1;19.2;USC00047085;39.8053;-120.4719;1478.3;CA
USC00047109;34.6;36.4;38.6;40.4;44.6;49.8;53.9;52.2;48.4;43;38.1;34.3;USC00047109;39.3619;-123.1286;310.3;CA
USW00023110;35.6;38.6;41.7;44.7;51.1;56.4;60.5;59;55.1;47.3;38.5;34.2;USW00023110;36.3333;-119.95;70.7;CA
USC00047150;30;32.1;34;35.1;40.2;45.4;50.7;49.8;45.7;38.8;32;29.2;USC00047150;36.1883;-120.6953;701;CA
USW00023129;46.1;48;50.5;53.2;57.6;61;64.5;64.9;63.2;58.3;50.8;45.8;USW00023129;33.8117;-118.1464;9.4;CA
USC00047195;26.2;28;30.5;33.5;39.8;44.8;47.9;45.8;40.6;34.3;30;26.5;USC00047195;39.9367;-120.9475;1042.4;CA
USW00023130;44.9;45.2;47.9;50.6;55.4;59.2;63.2;63.9;61.8;54.8;48;43.7;USW00023130;34.2097;-118.4892;234.7;CA
USC00047228;37.1;38.2;40.4;43;48.1;51.3;56;57.4;54.3;47.9;41.1;35.6;USC00047228;33.0114;-116.9081;448.1;CA
USW00023136;43.2;42.2;46.6;47.9;51.7;56.2;58;58.5;57;52.7;46.7;42.1;USW00023136;34.2167;-119.0833;23.5;CA
USC00047253;35.1;37.2;41;46;54.3;62.2;68.4;67.2;61.2;51.6;41.9;34.7;USC00047253;35.3692;-117.6525;1088.1;CA
USW00023152;41.9;43.9;46.4;49.9;54.7;58.5;62.3;62.4;60.1;54;46;41.2;USW00023152;34.2006;-118.3575;225.9;CA
USC00047306;40.5;42.2;44.5;47.6;52.6;56.5;61.6;62.1;59.2;52.4;44.8;39.9;USC00047306;34.0528;-117.1894;401.7;CA
USC00047339;40.4;42.7;44.7;46.3;50;53.5;56.1;55.8;54;49.9;44.3;40.3;USC00047339;37.4767;-122.2386;9.4;CA
USC00047404;38;38.8;39.9;41;45.5;50;53.2;53;49.1;44.5;40.6;37.5;USC00047404;40.0261;-123.7931;153.3;CA
USW00023155;39.3;42.4;46.5;50.2;57.5;64.2;70.5;69;64;55;44.6;39;USW00023155;35.4344;-119.0542;149;CA
USC00047414;43;45.5;47.5;49.2;52.1;54.7;55.5;56;56.2;53.6;47.9;43.6;USC00047414;37.9192;-122.3772;6.1;CA
USW00003102;43.8;45.3;47.2;50.5;55.5;59;63.3;64.7;62.6;55.2;47;42.7;USW00003102;34.0561;-117.6003;289.3;CA
USW00023156;40.6;40.7;41.7;44.5;50.1;54.4;60.2;60.6;56.9;50;44.4;39.7;USW00023156;33.9286;-116.9814;789.7;CA
USC00047470;43;44.6;46.4;50;55.2;59.3;64;64.5;61.4;54.6;46.5;41.7;USC00047470;33.9511;-117.3881;256;CA
USW00023157;23;26.5;31.2;36.3;44.2;51;56.2;53.8;47;37.4;27.8;22.1;USW00023157;37.3711;-118.3581;1250.3;CA
USC00047473;42.8;44;46.1;49;53.7;57.1;61.7;62.1;59.3;53.3;46.3;41.6;USC00047473;33.9669;-117.3614;300.5;CA
USW00003104;37.8;41.3;47.1;53.2;61.5;67.4;73.7;73.6;66.4;55;42.9;36;USW00003104;33.6267;-116.1594;-36;CA
USW00023158;42.3;45.6;50.4;56.3;64.7;72.3;80.3;80;72.4;59.9;48.1;40.8;USW00023158;33.6186;-114.7142;120.4;CA
USC00047641;13.5;15.7;19.8;24;29.6;33.8;37.3;36.5;31.6;26.1;20.2;14.4;USC00047641;39.4317;-120.2406;1931.5;CA
USW00003122;46.4;47.6;49.3;51.3;55.1;58.5;61.4;61.8;60.8;56.5;50.4;46.2;USW00003122;33.8017;-118.3411;27.4;CA
USC00047643;38.6;40.8;42.8;45;49.5;53.4;55;54.6;52.3;48.2;42.7;38.1;USC00047643;38.5067;-122.4714;68.6;CA
USC00047668;39.5;41.5;43.3;44.6;48.2;51;53.3;54;52.2;48.3;42.9;39.6;USC00047668;36.6594;-121.6656;13.7;CA
USW00023161;36;39.8;45;50.7;59.3;67;73.3;72.2;65.3;54.2;42.4;34.8;USW00023161;34.8536;-116.7858;584.3;CA
USC00047689;34.7;35.2;36.7;39.7;46.6;53.7;60.3;60.3;55.5;47.8;40.2;33.9;USC00047689;38.5006;-120.2189;1127.8;CA
USW00003131;44.3;47;48.8;51.9;56.6;59.6;63.6;65;62.8;56.7;49.5;45.2;USW00003131;32.8158;-117.1394;127.1;CA
USC00047723;42.1;43.6;45.7;49.2;54.3;58.5;63.6;64.2;60.8;54.1;45.5;41.1;USC00047723;34.1344;-117.2539;347.5;CA
USW00003144;40.8;44.7;49.3;54.6;62.2;69.6;77;78.3;70.9;59.3;47.5;40.4;USW00003144;32.8342;-115.5786;-17.7;CA
USC00047741;47;48.9;51.2;54.1;58.4;60.2;64;65.2;62.5;58.8;52;46.8;USC00047741;32.7672;-117.2258;4.6;CA
USC00047767;45;46.5;47.5;48.8;50.6;52.5;54;55.3;54.8;52.9;48.8;45.3;USC00047767;37.7281;-122.5053;2.4;CA
USW00003154;40.1;42;45.3;47.7;53.4;56.7;60.6;60.2;58;52.2;44.1;38.8;USW00003154;33.3;-117.35;22.9;CA
USW00023174;48.8;50;51.7;53.8;57.3;60.5;63.7;64.3;63.2;59.3;53.2;48.7;USW00023174;33.9381;-118.3889;29.6;CA
USC00047785;45.1;47;49.7;52.5;57.2;61;64.7;65;62.8;56.9;49.4;44.3;USC00047785;34.1061;-118.1;137.2;CA
USW00003159;31.1;34.9;39.3;44.9;54;61.3;66.8;64.3;56.6;45.9;35.9;29.7;USW00003159;34.7411;-118.2117;712.6;CA
USC00047807;39.3;40.4;40.8;41.8;45;47.2;49.9;50.3;48.1;44.6;40.9;38.8;USC00047807;37.3117;-122.3617;83.8;CA
USC00047813;37.4;39.4;42.5;45.5;51.1;55.5;61.3;61.9;57.5;50;42;36.1;USC00047813;33.7869;-116.9583;475.5;CA
USW00023179;43.5;46.7;51.5;58.6;68.3;77.2;84.3;82.8;74.5;62;50.3;42.5;USW00023179;34.7675;-114.6189;271.3;CA
USC00047821;42;44.7;46.6;48.6;52.4;56;58.1;58.3;56.8;52.5;46;41.9;USC00047821;37.3592;-121.9239;15.5;CA
USW00003164;34.2;34.9;36;37.8;41.8;45.1;51.9;53.1;48.7;42.1;36.2;32.6;USW00003164;32.6233;-116.4728;801.6;CA
USW00023182;31.4;35.5;39.3;43.6;52.2;58.9;64.9;65;57.1;47.8;36.7;30.6;USW00023182;34.6294;-118.0836;769.3;CA
USC00047836;39.1;39.2;42.8;46.4;50.3;56;59.8;58.8;56;50.6;42.5;37.5;USC00047836;33.5319;-117.5525;114.3;CA
USW00003166;44.6;47.6;50.1;52.4;57.7;61.1;64.5;65.3;63.2;57.3;49.7;44.8;USW00003166;33.8719;-117.9789;29.3;CA
USC00047846;38.2;42.2;46.4;49.6;55.4;59.7;64.4;64;60.8;53.7;44.8;38.2;USC00047846;37.0533;-121.0578;84.4;CA
USW00003167;48.9;50.5;52.9;54.9;58.5;60.8;64;64.7;63.6;59.6;53.5;48.5;USW00003167;33.9228;-118.3342;19.2;CA
USC00047851;43.6;44.8;45.8;47;49.2;52.1;54.5;54.8;54.3;51.5;47.1;43.1;USC00047851;35.3039;-120.665;93.9;CA
USC00047874;39.2;41.5;44.3;47.2;52;55.5;59;59.9;57;50.8;42.9;37.9;USC00047874;33.0956;-116.9975;128;CA
USW00003171;43.3;44.2;46.5;50.4;55.6;59.7;63.9;64.5;61.9;54.9;46.9;42.5;USW00003171;33.9519;-117.4386;245.4;CA
USW00023187;37.2;37.9;39.3;42;48.8;56.4;63.6;63.8;59.8;51.4;42.5;36.7;USW00023187;34.7436;-118.7242;1374.6;CA
USC00047880;41.8;43.8;45.3;47.3;50.1;53.4;54.9;55.2;54.2;51;45.9;41.8;USC00047880;37.9983;-122.5372;36.6;CA
USW00003177;47;48;50;52.5;56.8;59.5;63.4;64.7;62.7;57.9;51.3;46.5;USW00003177;33.1281;-117.2794;100;CA
USW00023188;49;50.7;53.2;55.9;59.4;62;65.4;66.7;65.2;60.6;53.6;48.4;USW00023188;32.7336;-117.1831;4.6;CA
USC00047888;47;48;50;52.7;56.7;59.8;63.2;63.8;62.2;57.9;51.2;46.2;USC00047888;33.7442;-117.8667;41.1;CA
USW00003178;43.8;45.6;46.4;49.5;54;56.9;60.3;61.9;60.2;55;46.5;43.3;USW00003178;32.5722;-116.9794;157;CA
USW00023190;40.7;43.7;45.8;47.8;51.2;54.2;57.8;57.6;55.8;51.1;44.4;40.2;USW00023190;34.4258;-119.8425;2.7;CA
USC00047902;46.4;48.1;49.8;51.8;54.6;57.5;60.4;60.4;59.6;56.2;50.3;46.7;USC00047902;34.4167;-119.6844;1.5;CA
USW00003179;39.2;40.7;43.9;45.7;51.8;55.6;59.8;60;56.4;51;42.4;37.7;USW00003179;33.9753;-117.6361;198.1;CA
USW00023191;49.5;48.2;48.5;48.9;52.1;54.3;59.5;61.7;61.5;57.7;53;48.6;USW00023191;33.405;-118.4158;488.3;CA
USC00047916;41.3;43.3;44.4;46;48.9;51.8;54;54.3;53;49.5;44.9;41.2;USC00047916;36.9906;-121.9911;39.6;CA
USC00047953;51.1;51.6;52.7;54.4;57.1;60.1;62.8;63.3;62.6;59.8;55.1;51;USC00047953;34.0075;-118.4997;4.3;CA
USC00047957;41.1;42.5;43.9;45.9;50;53.1;56.9;56.1;54.7;50.2;44.4;41.1;USC00047957;34.3119;-119.1331;72.2;CA
USW00023199;43.4;46.7;51.5;56.7;63;70.6;77.4;78.3;72.1;60.6;49.2;40.7;USW00023199;32.8167;-115.6833;-12.8;CA
USC00047965;39.2;41.3;43;44.8;48.3;51.7;52.4;52.6;51.5;48.3;42.8;38.9;USC00047965;38.4381;-122.6978;53;CA
USW00023213;36.6;39.1;41.5;42.4;46.4;50;51.9;51.1;49.3;45;40.4;36.5;USW00023213;38.5039;-122.8103;34.7;CA
USC00048025;31.1;30.9;33.6;35.9;41.6;47.7;53.6;52.4;46.8;40.4;34;31.4;USC00048025;41.3011;-123.1331;661.1;CA
USW00023225;34.6;34.2;35.5;38.8;46.3;54;62;61.1;56.1;47.9;38.2;33.4;USW00023225;39.2775;-120.7103;1608.1;CA
USC00048045;43.3;43.6;44.2;46;49.4;52.6;54.3;54.9;52.4;49.2;45.6;42.4;USC00048045;40.4831;-124.1036;41.5;CA
USW00023230;41.7;44.2;46.1;48.3;51.1;53.8;55.5;55.7;54.4;51.3;45.4;41.5;USW00023230;37.7214;-122.2208;1.8;CA
USC00048135;39.5;41.4;43.6;47.4;55;62.5;68.3;66.8;62.2;54.4;45.4;40;USC00048135;40.7142;-122.4161;327.7;CA
USW00023232;38.8;41.4;44.1;46.2;51.1;55.8;58.4;58;55.7;50.2;42.8;38.4;USW00023232;38.5069;-121.495;4.6;CA
USC00048163;46;46.2;46;46.6;49.1;51.7;52.6;53;53.3;51.8;48.6;46.2;USC00048163;40.0331;-124.0728;75;CA
USW00023233;41.3;43.2;44.7;46.3;50.3;53.1;55.1;55.7;54.3;49.7;44.6;40.8;USW00023233;36.6636;-121.6081;22.6;CA
USC00048200;39.6;42.7;47.6;52.4;61.6;68.3;75.5;74.5;67.7;57.4;46.1;37.8;USC00048200;35.9717;-116.2708;471.2;CA
USW00023234;44.2;46.3;47.7;49.1;51.6;53.8;55.4;56.3;55.8;53.2;48.7;44.6;USW00023234;37.6197;-122.3647;2.4;CA
USC00048207;29.9;30.6;33.8;35.8;42.7;48.7;54.5;54;49.7;42.3;33.9;30.5;USC00048207;39.5678;-120.6228;1292.4;CA
USW00023237;37.7;40.2;42.8;45.9;51.6;56.8;60;59.2;56.5;49.7;41.9;37.2;USW00023237;37.8892;-121.2258;7.9;CA
USC00048218;17.1;20;26.4;29.6;35.9;41.7;45.3;43.2;37.5;29.8;22.8;18;USC00048218;39.5833;-120.3706;1516.4;CA
USW00023239;46.4;48.9;50.8;51.9;54.2;56.2;57.5;58.4;58.9;56.6;52;47.3;USW00023239;37.7333;-122.3167;4.9;CA
USC00048273;39.5;39.6;40.8;42.1;47.8;50.4;57.8;57.4;56.1;50.4;43.6;39.5;USC00048273;37.3133;-122.185;691.9;CA
USW00023244;42.9;45.3;47.3;49.4;53.2;56.6;59.1;59.2;57.7;53.8;47.3;42.9;USW00023244;37.4058;-122.0481;11.9;CA
USC00048351;37.8;39.9;41.8;43.3;47.1;51;52.8;52.3;50.5;46.8;41.7;37.6;USC00048351;38.2994;-122.4622;29.6;CA
USW00023254;39.7;42.8;45;47.4;51.7;55.9;57.7;57.5;56.1;51.1;43.9;39.8;USW00023254;37.9917;-122.055;5.5;CA
USW00094299;18.2;21.8;24.8;28.7;35.6;41;44.8;42.7;35;28.3;22.9;18.8;USW00094299;41.4914;-120.5644;1333.5;CA
USC00048353;32.3;34;37;39.6;44.9;50.9;56.2;54.8;50.1;42.4;36.1;32.1;USC00048353;37.9672;-120.3872;510.5;CA
USW00023257;36.7;39.1;41.8;45.1;51.4;57.8;60.8;59.4;55.5;48.6;40.7;35.9;USW00023257;37.2847;-120.5128;46.3;CA
USC00048380;26.4;26.9;28.4;31.2;37.7;44.5;50.1;49.3;44.8;37.1;30;25.6;USC00048380;37.5072;-119.6331;1538.3;CA
USW00023258;40.1;43.2;46.3;49.3;54.9;59.8;63.1;62.3;59.2;52.6;44.8;39.8;USW00023258;37.6242;-120.9506;22.3;CA
USC00048490;36.6;37.1;38.3;40.5;44.6;49.9;52.5;51.9;49.4;44;39.8;35.7;USC00048490;39.8778;-123.7275;260;CA
USW00023259;42.5;44.7;45.6;46.9;49.9;52;53.6;54.2;53.1;50.1;45.8;42.3;USW00023259;36.5881;-121.8453;50.3;CA
USC00048560;37.8;41.2;44.5;47.3;52.7;56.8;59.1;58.1;55.7;49.5;41.9;37.3;USC00048560;37.9994;-121.3178;3.7;CA
USW00023271;40.7;43.7;46.5;49;53.9;58.4;60.9;60.5;58.4;52.8;45.5;40.4;USW00023271;38.5556;-121.4169;11.6;CA
USC00048587;32.8;34.9;37.4;40.5;47.3;54.6;59.9;57.7;52.9;45;36.9;32.2;USC00048587;39.5858;-122.5339;243.8;CA
USW00023272;45.7;47.5;48.5;49.2;51;52.8;54.1;55.1;55.1;53.7;50.1;46.1;USW00023272;37.7706;-122.4269;45.7;CA
USC00048606;30;30.5;32.5;35.5;41.6;47.8;52.2;51.1;47.6;41;34;30.2;USC00048606;39.5631;-121.1078;1160.7;CA
USW00023273;39.5;41.7;43;44;47.4;50.6;53.8;54.2;52.7;48.7;43;39.1;USW00023273;34.8994;-120.4486;73.8;CA
USC00048655;35.1;37.1;40.5;43.7;49.7;53.8;58.4;59.2;57.5;48.9;39.7;34;USC00048655;33.7156;-117.19;432.8;CA
USW00023275;36.8;38.8;39.8;42.2;46.8;52.2;55.9;53.6;49.6;43.6;39;35.8;USW00023275;39.1258;-123.2008;183.2;CA
USC00048702;23.1;26.3;31.1;34.9;41.3;47.5;53.2;51.7;44.8;36.7;28.9;23.1;USC00048702;40.4167;-120.6631;1275.3;CA
USW00023277;39.5;42.3;43.5;44.5;47.6;50.7;53.1;53.3;51.8;48.3;43.3;39.7;USW00023277;36.9358;-121.7886;48.8;CA
USC00048713;38.1;40.2;43.1;44.9;50.5;56.5;61.3;61.2;58.6;51.8;43.7;37.8;USC00048713;38.3772;-120.8008;483.4;CA
USW00023285;37.4;40.4;42.4;44.7;49.4;54.1;57.2;57.4;55.5;49.5;42.5;37.7;USW00023285;37.6928;-121.8144;119.8;CA
USC00048752;40.4;43.1;47.3;49.8;55.4;60.2;66.5;64.1;60.8;53.3;46;38.5;USC00048752;35.1503;-119.43;235.6;CA
USW00023293;42.3;45.2;47;48.5;52.6;56.1;58.4;58.7;56.7;52.6;46.4;42.2;USW00023293;37.3592;-121.9239;15.5;CA
USC00048758;19.4;20.3;23.8;27.4;33.5;39.4;45.1;44.8;39.5;32.3;25.4;20.2;USC00048758;39.1678;-120.1428;1898.9;CA
USC00048826;32.2;33.2;35.9;38.7;45.5;52.7;59.9;57.5;52.1;43.1;36.1;30.8;USC00048826;35.1333;-118.45;1224.4;CA
USC00048829;31.8;32.6;35.5;37.6;45.6;53;58.4;56;50.8;44.6;37;31.5;USC00048829;35.1011;-118.4222;1286.3;CA
USC00048873;14.9;20.2;25.4;27.9;34;39.7;45;42.1;35.5;27.5;20.8;14.9;USC00048873;40.8667;-120.4333;1615.4;CA
USC00048904;45.6;44.4;46.7;48;51.5;56.1;59.4;58;57.7;53.2;47.9;44;USC00048904;34.1819;-118.8986;238.7;CA
USC00048917;35.7;38.2;41.2;44.3;50.5;57.8;64.4;63.3;57.8;48.7;40.2;35;USC00048917;36.465;-118.8619;347.5;CA
USC00048928;33;34.5;36.5;39.5;45.3;50.7;56.3;56.2;52.3;44.4;37.8;33.5;USC00048928;38.4461;-120.4992;717.8;CA
USC00048999;36.8;39.2;42.2;45;50.6;55;57.1;55.7;54.2;48.6;41.8;36.5;USC00048999;37.6819;-121.3467;41.1;CA
USC00049001;39.6;42.9;46.3;49.6;54.9;59.1;62;61.6;59.5;53.6;45.9;39.9;USC00049001;37.7967;-121.5828;18.6;CA
USC00049026;32.3;32.7;34.9;37.3;42.9;48.2;52.5;50.8;44.9;38.8;35.5;31.8;USC00049026;40.7264;-122.7947;567.2;CA
USC00049035;34.5;39.2;44.6;50.7;60.4;67.9;74.4;73.2;66.2;53.9;42.5;33.5;USC00049035;35.7636;-117.3908;516.6;CA
USC00049043;14.3;16.1;20.6;24.5;30.5;35.9;40.6;39.7;33.8;26.8;20.3;14.8;USC00049043;39.3331;-120.173;1774.9;CA
USC00049053;21.1;22.9;26;30.1;37.4;42.8;46.6;44;37.4;30.7;25;20.2;USC00049053;41.96;-121.4744;1229.9;CA
USC00049073;39.5;43;45.9;49;54.9;59.6;63.1;62.1;59.3;52.7;44.4;39;USC00049073;37.5006;-120.855;35.1;CA
USC00049087;42.8;44.5;46.6;49.8;54.2;58.1;62;62.2;59.8;54.9;46.7;42.2;USC00049087;33.7025;-117.7539;71.6;CA
USC00049099;40.8;43.4;48.2;53.8;62.5;69.7;76.2;75.2;68;56.8;46.3;39.7;USC00049099;34.1281;-116.0369;602;CA
USC00049102;37.2;41.9;46.2;53.5;63.6;71.5;78;75.2;66.7;55;43.4;37.6;USC00049102;34.1206;-115.85;419.4;CA
USC00049105;17.4;16.4;18.5;22.3;29;37;42.3;42;36.6;28.6;21.7;16.7;USC00049105;38.7086;-120.0403;2438.4;CA
USC00049111;37.5;39.8;41.2;42.2;44.8;47.3;49.4;50.4;48.5;45.5;42;36.2;USC00049111;34.9881;-120.3211;177.4;CA
USC00049122;37.4;39.2;40.6;42.8;47.5;52.6;56.2;54.9;51.6;46.3;40.7;37;USC00049122;39.1467;-123.2103;193.9;CA
USC00049152;50.9;50.6;51.2;53;55.6;58.4;61.7;62.3;61.5;58.8;54.5;50.7;USC00049152;34.0697;-118.4428;131.1;CA
USC00049200;39.3;42;44.6;47.3;52.4;57;59.6;58.5;56.6;51.5;44.4;39.3;USC00049200;38.3956;-121.9608;33.5;CA
USC00049325;32;35;38.8;43.4;50.1;56.3;62.4;62.1;56.2;46;36.9;31.1;USC00049325;34.535;-117.3058;871.1;CA
USC00049351;18.1;20.1;24.7;27.7;32.7;38.7;42.1;40.3;35.5;31.5;24;17;USC00049351;39.8056;-120.1858;1508.8;CA
USC00049367;38.7;42.1;46.1;49.2;55.7;61.6;66.7;65;60.3;52.5;43.5;37.8;USC00049367;36.3283;-119.2992;99.1;CA
USC00049378;45.4;46.1;47.7;50.2;54.8;58.1;61.7;62.7;60.9;55.9;49.6;44.9;USC00049378;33.2294;-117.2269;155.4;CA
USC00049440;36.6;38.5;40.5;43.5;47.4;51.7;51.8;50.8;48.8;45.8;40.8;36.1;USC00049440;38.7161;-122.9975;68.3;CA
USC00049452;36;39.3;43.4;47.3;54;59.8;64.8;62.4;57.8;49.1;39.9;34.3;USC00049452;35.5892;-119.3519;88.7;CA
USC00049473;39.4;42.1;43.9;45.5;48.9;51.7;53.7;54.1;52.5;48.4;43;39.4;USC00049473;36.9308;-121.7692;29;CA
USC00049490;31.4;31.2;33.1;35.9;41.7;47.1;52.1;50.1;43.5;37.5;33.4;30.7;USC00049490;40.7222;-122.9331;599.8;CA
USC00049621;38;39.7;43.2;46.8;54.4;61.1;65.7;64.2;59.6;51.9;43.1;38.2;USC00049621;40.6117;-122.5281;394.7;CA
USC00049671;31.3;33.1;37.1;41.2;50.5;58.7;64.2;63.3;57.6;47.6;37.3;30.1;USC00049671;36.2656;-117.1853;1249.7;CA
USC00049684;32;33.7;35;36;39.6;43.8;47;44.9;41.4;36.9;34.1;31.3;USC00049684;39.4194;-123.3425;412.4;CA
USC00049694;35;35.5;37.8;40.3;44.1;49;52.7;52;47.4;42.4;39.3;36.1;USC00049694;40.9467;-123.6364;141.4;CA
USC00049699;36.8;39.3;41.7;44.2;51.2;57.2;60;58.2;55.8;49.7;41.5;36.3;USC00049699;39.5231;-122.3058;71;CA
USC00049742;38.2;41.5;45;48.5;54.2;59;60.7;59.7;57.5;51.4;43.6;38.3;USC00049742;38.5228;-121.9683;41.1;CA
USC00049781;39.5;42.5;45.8;48.5;54;58.6;60.2;59.3;57.6;52.2;44.5;39.4;USC00049781;38.6828;-121.7942;21;CA
USC00049785;41.8;40.5;42.7;46.3;50.4;54.8;58.8;58.4;56.9;52.5;43.2;40.7;USC00049785;34.1819;-118.5744;240.8;CA
USC00049792;37;39.3;41;42.5;46.1;49;51.6;51.2;49.8;45.7;40.4;36.4;USC00049792;37.4286;-122.2567;115.8;CA
USC00049822;25.9;24.7;28.4;32.9;40.4;45.1;52.3;50.9;46.5;36.4;29.1;24.5;USC00049822;34.3617;-117.6386;1828.8;CA
USC00049847;44.8;46.3;48.3;50.6;54.7;58;62.1;63.1;61;55.6;49.8;44.4;USC00049847;33.89;-117.8189;106.7;CA
USC00049855;28.6;30.4;33.8;38;44.7;51;56.7;56.2;51;41.8;32.7;28.2;USC00049855;37.75;-119.5897;1224.7;CA
USC00049859;36.6;38.8;41.6;42.6;47.4;50.8;52.7;52.4;50.5;45.8;40.7;36.4;USC00049859;38.395;-122.3567;29;CA
USC00049866;25.3;27.2;30.4;34.9;40.7;46.7;52.6;51.1;44.6;36;29.4;25.1;USC00049866;41.7036;-122.6408;800.1;CA
USW00024213;41.1;41.7;42.6;44.1;47.5;50.1;52;52.8;50.4;47.1;43.5;40.6;USW00024213;40.8097;-124.1603;6.1;CA
USW00024215;26.4;27.9;30.2;33.4;39.7;45.9;50;48;43;36.5;29.8;26;USW00024215;41.3325;-122.3328;1077.5;CA
USW00024216;37.9;40.7;43.6;47;54.3;61.7;65.6;63;58.8;51.2;42.3;37.5;USW00024216;40.1519;-122.2536;107.6;CA
USW00004222;36.2;37.4;40.6;43.5;50.4;57.6;62.6;60.1;56.6;48.6;40.9;35.1;USW00004222;40.6508;-122.6067;432.2;CA
USW00024257;36.5;39.3;42.9;46.1;53.8;61.6;66;63;57.7;49.4;40.9;36.3;USW00024257;40.5175;-122.2986;151.5;CA
USW00024259;26.1;27.7;29.7;33.2;40.4;47.3;54.1;51.6;43.1;36;29.4;26;USW00024259;41.7806;-122.4717;803.1;CA
USW00024283;39.1;39.6;40.2;41.4;44.9;47.5;50.2;50.4;47.4;44.3;41.5;38.6;USW00024283;40.9781;-124.1086;61;CA
USW00024286;41.2;41.8;42.3;44;46.9;49;51.2;51.7;49.3;46.4;43.8;41.1;USW00024286;41.7803;-124.2367;17.1;CA
USW00053119;36.3;39.1;42.8;46.5;53.5;58.5;62.8;61.1;56.3;47.9;39.1;34.7;USW00053119;36.3189;-119.6289;75.9;CA
USW00053120;35;37.1;39.4;41.8;47.4;51.4;55.9;57.6;54;47.6;39.8;34.4;USW00053120;33.0375;-116.9158;424.6;CA
USW00053121;40.3;43.2;46.1;49.2;53.8;58.2;61.3;61.9;59.1;52.1;43.9;39.9;USW00053121;33.2194;-117.3494;8.5;CA
USW00053139;41.9;48;57;64.1;74.1;82.3;89;86.7;78.4;65;51.3;40.5;USW00053139;36.6019;-117.145;25.6;CA
USW00053144;29.8;34.5;37.7;43.4;50.5;58.8;65.8;63.3;55.6;46.1;33.8;29.5;USW00053144;34.9883;-117.8647;695.9;CA
USW00053150;32.3;30.4;32.8;36.2;43.8;52.3;61.3;58.7;55.4;43.5;38.9;29.9;USW00053150;37.7592;-119.8208;2017.8;CA
USW00053151;46.8;46.9;48.1;49.8;53.2;55.5;59.5;61.4;60.8;57.4;51.1;44.5;USW00053151;33.4392;-117.1903;347.5;CA
USW00053152;41.9;42.8;45.8;47.6;50.9;53.3;55.2;56.1;55.2;51.1;45.9;41.9;USW00053152;34.4142;-119.8797;5.5;CA
USC00040029;24.3;25;29.3;32.9;38.8;44.2;50.1;48.5;42.3;35;28.3;23.1;USC00040029;41.1936;-120.9447;1278.6;CA
USC00040136;44.4;44.2;45.6;48.1;51.9;56.2;62;63.6;61.4;55.3;48.8;43.8;USC00040136;32.8358;-116.7775;516.6;CA
USC00040161;17.9;20.7;25;28.1;34.2;39.9;43.9;41.6;35.6;27.7;22.5;18.4;USC00040161;41.4931;-120.5528;1341.1;CA
USC00040192;48.1;48.4;50.7;53.4;57.4;60.9;64.6;64.9;63;58.2;52.1;47.2;USC00040192;33.8647;-117.8425;102.1;CA
USC00040212;39;39.8;40.8;42.8;47.2;51.5;55;54.3;53.8;49.7;42.8;38.9;USC00040212;38.5731;-122.4406;522.7;CA
USC00040232;38.7;42.4;45.3;48.2;53.5;57.9;59.3;58.6;57.3;52.4;45.1;38.8;USC00040232;37.9856;-121.7458;18.3;CA
USC00040343;34.3;36.8;39.6;42.9;50.4;58.1;64.6;63.7;58;49.1;39.7;34;USC00040343;36.4914;-118.8253;520.6;CA
USC00040379;36.1;38.8;41.4;45;52.2;59.7;67.1;66.2;61;51.8;41.7;36.2;USC00040379;37.0919;-119.5128;637;CA
USC00040383;37.8;40.3;42.8;45.7;52;58.1;63.7;63;59.3;52.2;43.6;37.7;USC00040383;38.9072;-121.0839;393.8;CA
USC00040436;35.2;40.6;46.7;52.6;62.9;71.7;78.2;76.7;68.1;54.1;42.7;34.2;USC00040436;35.2761;-116.0628;293.2;CA
USC00040444;37.1;40;43.5;47.7;54.3;61.1;67;66.2;61.2;53;42.8;35.7;USC00040444;35.4186;-119.0508;143.3;CA
USC00040449;37.8;39.6;42.4;45.9;53;60;67.8;67.7;62.6;53.4;44;37.9;USC00040449;36.9092;-119.0883;524.3;CA
USC00040521;35;38.6;43.4;48.9;56.3;64;70.4;68.8;62;52;41.5;34.2;USC00040521;34.8928;-117.0219;676.7;CA
USC00040673;37;39;40.2;41.7;45.3;48.3;50.5;50.3;48.6;44.3;39.6;36.5;USC00040673;37.0856;-122.0797;128;CA
USC00040693;42;44.2;45.7;46.5;49.4;51.7;53;53.9;53.4;51.5;46.6;42.6;USC00040693;37.8744;-122.2606;94.5;CA
USC00040738;34.8;35.1;36.7;38.8;43.9;49.1;53.3;52.3;47.6;41.2;38.6;35.2;USC00040738;40.7406;-123.2078;381.9;CA
USC00040741;21.2;22.1;25;29.1;35.7;41.8;48.2;47.4;41.6;33;26.2;21.3;USC00040741;34.2442;-116.9039;2060.4;CA
USC00040755;33.3;30.9;34.1;37.9;44.2;51.8;59.9;59.7;56;47.2;39.6;33.8;USC00040755;37.2064;-119.2419;1486.8;CA
USC00040790;42.9;43.1;43.4;43.5;45.8;48.3;50.4;50;50.3;47.9;44.9;41.9;USC00040790;36.2472;-121.7803;61;CA
USC00040924;40.2;43.8;49;54.9;62.9;70.1;77.7;77.3;69.5;56.8;46.1;39.1;USC00040924;33.6131;-114.5972;81.7;CA
USC00040931;11;13.7;19.3;23.5;29.2;33.6;37.2;35.4;29.9;24.3;18.8;13;USC00040931;39.3886;-120.0936;1699.3;CA
USC00040943;4.7;6.9;11.3;17.4;23.6;29.7;34.2;31.9;25.7;18.4;11.4;5.5;USC00040943;38.2119;-119.0142;2551.2;CA
USC00040983;43.4;45.5;49.4;53.4;60.3;67.6;74.9;74.8;69.3;59.7;49.4;42.6;USC00040983;33.2314;-116.4144;245.4;CA
USC00041018;28.8;27.8;30.3;34;40.5;48.1;54.5;54.3;49.9;42.6;34;29;USC00041018;39.4539;-120.6556;1641.3;CA
USC00041048;40.8;44.1;48.7;53.5;60;66.9;75.4;76.6;70;59;47.5;40.3;USC00041048;32.9544;-115.5581;-30.5;CA
USC00041072;8.1;11.7;18.8;23.9;30.2;36.9;41.4;39.2;31.8;22.8;16.1;10;USC00041072;38.2575;-119.2286;1972.1;CA
USC00041214;18.8;22.4;24.9;28.6;35;40.5;42.8;40.6;35;27.6;23.7;19.8;USC00041214;40.8803;-121.6547;974.8;CA
USC00041244;36.7;40.7;45;48.5;55.6;61.5;66.7;64.6;59.3;49.8;40.6;35;USC00041244;35.4047;-119.4731;82;CA
USC00041253;38.3;40;41.8;43.3;46.7;49.4;52.2;52.2;51.2;47.4;42.2;37.9;USC00041253;34.5825;-119.9817;238.7;CA
USC00041277;28.8;28.8;30.9;34;40.8;47.6;53.7;53.1;48.5;41.1;32.9;28.7;USC00041277;38.2769;-120.3114;1431;CA
USC00041312;37.3;39;40.4;41.9;46.3;50.4;52.5;52.1;50.2;45.4;40.4;36.4;USC00041312;38.5961;-122.6014;121.9;CA
USC00041316;25.8;27.6;29.9;33.1;38.2;43.2;48.6;47.2;41.2;34.9;29.3;25.6;USC00041316;41.3111;-122.8045;970.8;CA
USC00041428;38.8;41.8;44.5;46.7;51.8;57.3;62;61.5;58.8;52.9;45.4;39.4;USC00041428;38.2486;-120.8433;200.6;CA
USC00041476;18.7;20.8;25.6;29.5;35.6;42.1;46.7;44.3;36.8;28.3;23.5;18.6;USC00041476;41.4219;-120.9017;1313.7;CA
USC00041484;39.4;40.9;42.2;44.9;49.4;53;57.1;57.1;55;49.4;42.5;38.4;USC00041484;34.1819;-118.5744;240.8;CA
USC00041497;24.3;25.3;28.2;31.3;37.6;44.1;49.2;47.7;42.7;35.8;29.3;24.5;USC00041497;40.1703;-121.0883;1389.9;CA
USC00041534;39.2;40.8;42.1;43.4;46.1;48.7;50.2;50.1;51;48.3;42.7;38.6;USC00041534;36.4806;-121.7244;146.3;CA
USC00041606;29.7;30.6;32.6;35.7;41.3;46.1;50.9;48.8;44.1;37.2;32.7;29.9;USC00041606;41.1417;-123.1392;704.1;CA
USC00041614;20.7;23.1;28.4;33.1;40.3;47.5;54.4;52;43.1;34;25.4;19.9;USC00041614;41.5306;-120.1803;1408.5;CA
USC00041697;30;30.1;32.4;36.3;43.4;50.6;57;56.4;51.2;43.2;35;30.2;USC00041697;37.9747;-119.9161;1452.4;CA
USC00041700;20.5;21.8;26.1;29.7;35.9;42.1;47.1;45;39.5;32.7;26.3;21.6;USC00041700;40.3033;-121.2422;1380.7;CA
USC00041715;35.4;38.3;41.5;45.2;51.9;56.7;60.5;58.3;54.6;46.9;39.9;35.3;USC00041715;39.6911;-121.8211;56.4;CA
USC00041738;40;41.6;45.2;52.2;57.8;67;73.8;74.1;67.6;55.8;46.7;39.3;USC00041738;33.6617;-115.7206;520;CA
USC00041754;28.7;27.7;29.3;32.7;36.7;43.2;45.6;42;39.4;36;29.5;26.3;USC00041754;34.8078;-119.0114;1603.2;CA
USC00041758;45.8;47.5;50.3;53;57.5;60.6;64.5;65.6;63.2;57.9;50.2;45.3;USC00041758;32.64;-117.0858;17.1;CA
USC00041806;31.8;33.7;36;39.2;45;51.3;54.8;53.3;48.9;42.2;35.3;31.7;USC00041806;38.9239;-122.5672;411.2;CA
USC00041838;39.1;41.2;43.1;45.6;50.2;55.5;55.6;55.3;54.2;49.8;43.5;38.6;USC00041838;38.8;-123.0175;100.6;CA
USC00041864;36.4;39.6;43.1;46.9;54.1;60.8;66.8;64.9;59.4;50.5;41;35.9;USC00041864;36.1356;-120.3606;204.2;CA
USC00041912;35.5;37.1;39;42.3;48.9;55.7;61.5;59.7;55.3;47.6;39.8;35.3;USC00041912;39.0911;-120.9481;725.4;CA
USC00041948;38.6;41.7;44.4;46.1;53.6;58.2;59.9;57.8;54.2;48.3;42.1;38.2;USC00041948;39.1875;-122.0269;15.2;CA
USC00041967;41;43.8;46.4;48.9;52.9;56.4;57.9;58.5;57;52.6;45.8;40.9;USC00041967;37.9833;-122.0692;12.2;CA
USC00042012;36.7;39.7;43.1;46.3;52.6;58.2;62.9;61.4;57;49;40.5;35.6;USC00042012;36.0975;-119.5817;61;CA
USC00042081;32.1;33.9;36.2;38.3;42.8;48;52.5;50.3;45.6;39.3;35.3;31.9;USC00042081;39.8158;-123.2444;430.7;CA
USC00042147;39.7;40;40.8;42.2;45.2;47.8;50.4;50.9;48.4;45.3;42;39;USC00042147;41.7958;-124.2147;13.1;CA
USC00042214;47.8;48.7;50.4;52.8;56.6;59.8;62.7;62.9;61.7;57.3;51.2;47.3;USC00042214;34.0053;-118.4136;20.7;CA
USC00042239;28.5;29.3;31.8;34.7;40.3;46.8;54.3;53.2;47.1;38.2;31.6;27.5;USC00042239;32.9897;-116.5872;1414.3;CA
USC00042294;38.1;40.8;43.7;46.3;51.5;55.9;57.3;56.1;54.4;49.2;42.5;37.8;USC00042294;38.535;-121.7761;18.3;CA
USC00042319;40;46.3;54.8;62.1;72.7;81.2;88;85.7;75.6;61.5;48.1;38.3;USC00042319;36.4622;-116.8669;-59.1;CA
USC00042331;19.8;25.2;30.7;36.6;45.4;54.1;59;57.1;49.6;38.8;26.8;18.1;USC00042331;37.3739;-117.9803;1592.6;CA
USC00042338;33;33;35.2;36.2;44.7;51.6;59.6;58.6;54.2;46;38.6;32.7;USC00042338;39.3;-120.8333;1357.9;CA
USC00042402;32.9;34.2;36.6;39.4;45.6;51.7;56.3;55.2;50.8;44.3;36.6;32.7;USC00042402;39.8717;-121.6108;826;CA
USC00042410;40.9;44.9;49.2;55.3;63.8;71.3;78.4;77.6;69.9;59.1;46.9;39.8;USC00042410;33.7378;-115.3925;227.7;CA
USC00042456;34;35.9;37.9;40.5;46.3;51.5;55.8;54.5;50.5;44.1;37.3;33.5;USC00042456;39.3575;-121.2011;499.9;CA
USC00042467;15.4;16.9;21.5;26;32.1;37.7;42.1;41.3;35.7;28.7;22.6;16.3;USC00042467;39.3239;-120.2331;1809.6;CA
USC00042500;29.7;30.7;32.8;35.5;41.3;46.2;50.1;49.1;45;38.7;32.9;29.6;USC00042500;39.5633;-120.8239;888.5;CA
USC00042506;23.5;26.6;30.7;33.7;39.6;45.2;50.1;48.6;42.9;35.1;28.1;23.2;USC00042506;39.9717;-120.0828;1338.1;CA
USC00042574;30.2;30.8;33.4;37.1;43.9;50.3;53.7;51.1;46;39.5;33.7;30.2;USC00042574;41.1833;-122.2736;661.4;CA
USC00042598;45.3;48.6;53.6;60;69.1;77.3;83;81.6;75.4;64.3;53;44.7;USC00042598;33.8089;-115.4508;296.6;CA
USC00042640;31;33.8;36.8;39.8;46.3;53;58.5;55.6;50.9;43.6;36.4;31.4;USC00042640;39.3592;-122.5178;367.3;CA
USC00042671;24.4;23.2;24.8;27.8;34.8;42.7;50.4;49.6;44.9;36.3;28;23.5;USC00042671;38.7833;-120.0333;2240.3;CA
USC00042706;42;44;47.5;50.5;55.6;58.8;62.9;64.2;61.5;55.5;46.8;41.1;USC00042706;32.8139;-116.975;123.4;CA
USC00042709;39.8;41.1;43;45.5;49.8;52.8;56.8;56.3;55.7;51.5;44.4;40.9;USC00042709;32.8839;-116.8164;182.9;CA
USC00042713;43.2;46.6;51.2;55.9;63.2;70.1;77.8;78.6;72.4;61.1;49.9;42.5;USC00042713;32.7669;-115.5617;-9.1;CA
USC00042728;33.2;35.2;38.5;40.5;45.8;50;55.8;53.6;50.2;44.9;38.2;33.4;USC00042728;38.3306;-120.6706;217.9;CA
USC00042771;31.3;34;38.2;42;50.7;57.1;62.5;61.2;55.4;46;36.6;30.1;USC00042771;34.5892;-117.6303;899.2;CA
USC00042805;39.3;40.9;43.4;46.8;52.4;56.6;61.9;62.7;59.1;52.3;43.5;38.2;USC00042805;33.6692;-117.3319;391.7;CA
USC00042863;43.1;44.6;47.2;50.6;54.9;58.5;62.4;63.4;61.5;55.4;47.6;41.9;USC00042863;33.1211;-117.0883;182.9;CA
USC00042934;39.1;42.1;44.8;47;51.7;55.6;57.6;57.2;55.6;51.2;44.4;38.9;USC00042934;38.2736;-122.0678;12.2;CA
USC00042941;36.3;38;41.2;44.7;51.9;59.8;66.2;66.2;60.5;51.4;42.3;35.8;USC00042941;34.705;-118.4242;932.7;CA
USC00043083;39.1;41.3;44.2;47.9;54;58.7;63.6;62.2;58.7;51.1;42.7;37.9;USC00043083;36.3642;-120.1561;86.9;CA
USW00093101;47.5;47.6;48.7;50.9;55.6;58.7;62.3;63;61.2;56.8;51.5;46.8;USW00093101;33.6667;-117.7333;116.1;CA
USC00043113;38.5;42.1;44.6;47.3;52.5;57.5;60.8;59.7;57.9;53.1;44.6;39.1;USC00043113;38.7;-121.1667;106.7;CA
USC00043157;22.9;25.3;30.3;34.1;40.4;46.1;52.3;50.9;43.7;35.8;28.5;22.6;USC00043157;41.52;-120.09;1442.3;CA
USW00093104;30.1;35.2;40.6;46.3;55.4;62.7;69.1;67.3;59.5;47.9;36.8;29.6;USW00093104;35.6875;-117.6931;679.7;CA
USC00043161;40.4;41;41.5;42.5;45.1;47.9;49.1;49.4;48.6;46.2;42.7;40.1;USC00043161;39.5092;-123.7567;37.5;CA
USW00093107;45;46.5;48.1;50.6;54.8;58.3;62.2;63.6;61.2;55.8;48.9;44.3;USW00093107;32.8667;-117.1333;145.4;CA
USC00043191;41.9;42.6;42.8;43.1;44.9;47;48.8;49.2;48.6;47.2;44;42.2;USC00043191;38.515;-123.2447;34.1;CA
USW00093110;46;46.7;48;48.7;52.9;56.8;59.4;59.2;57.7;53.6;48.4;44.9;USW00093110;34.2008;-119.2069;11;CA
USC00043244;42.2;44.3;46.3;48.5;51.6;54.8;56.6;56.8;55.5;51.7;46.1;42.5;USC00043244;37.5422;-122.0158;11.6;CA
USW00093111;44.3;45;46.3;47.5;50.9;54.2;57.1;57.5;56.5;52.9;47.4;43.4;USW00093111;34.1167;-119.1167;4;CA
USC00043256;37.9;41.8;45.2;48.6;55.2;61.1;66.2;65.4;60.9;52.7;43.4;38;USC00043256;36.7525;-119.7017;100;CA
USW00093112;50.8;52.4;54.9;57.6;60.9;63.7;66.8;68.2;66.6;62.1;55.4;50.3;USW00093112;32.7;-117.2;7.9;CA
USC00043261;37.7;40.4;42.4;43.4;49.5;55.6;61.1;60;56.6;49.8;41.8;36.8;USC00043261;36.9969;-119.7072;125;CA
USW00093114;46.6;47.9;50.4;53;58;61.2;64.8;65.7;62.9;57.4;50.3;45.8;USW00093114;33.7;-117.8333;18;CA
USC00043384;35.8;34.8;37.2;41.4;47.7;55.3;61.4;61.1;56;48.4;40.4;34.7;USC00043384;38.9331;-120.8008;914.7;CA
USW00093115;47.1;49.4;51.5;54.1;57.3;60.9;62.9;65.1;62.2;56.8;49.5;47.5;USW00093115;32.5667;-117.1167;7.3;CA
USC00043392;50.9;50.1;50.9;50.5;54.2;56.4;60;61.2;62.7;58.1;54.4;49.8;USC00043392;34.0869;-118.4794;340.5;CA
USW00093116;48.1;48.8;49.6;50;52.2;54.4;57.2;57.3;58;56.4;52.4;48.1;USW00093116;33.25;-119.45;153;CA
USC00043417;38;40.9;43.3;45.1;49.3;52.5;54.5;54.6;52.8;48.5;42.1;37.4;USC00043417;37.0067;-121.5633;59.1;CA
USC00043463;28.7;30.7;33.5;35.8;41;45.9;51.8;50.8;46.1;38.7;32;27.8;USC00043463;35.7269;-118.7006;957.1;CA
USW00093134;47.8;49.3;51;53.5;57.1;60.3;63.6;64.1;63.1;58.7;52;47.5;USW00093134;34.0511;-118.2353;70.1;CA
USC00043489;48;49.3;52.1;57.5;65.1;72.7;81.2;80.6;74.4;63.9;53.3;46.9;USC00043489;32.8833;-114.8667;147.8;CA
USW00093138;46;48.1;52.7;57.2;64.8;71.3;77.3;77.6;72.5;62.3;51.9;44.4;USW00093138;33.8281;-116.5053;128.3;CA
USC00043551;26.3;25.9;27.6;31;38.3;46;52.7;52.1;47;39.6;31.5;26.6;USC00043551;36.7394;-118.9631;2011.7;CA
USC00043573;32.7;34.3;37.1;40.1;46.2;52.1;56.9;55.5;50.9;43.6;36.8;32.6;USC00043573;39.2042;-121.0681;731.5;CA
USC00043578;36.2;37.9;39.7;41;44.3;47.5;49.2;48.9;47;43.1;38.8;35.5;USC00043578;38.4306;-122.8647;61;CA
USC00043647;37.9;38.7;40.3;42.1;46.8;50.3;52.8;52.9;49.5;44.6;40.3;37.6;USC00043647;40.4864;-123.9089;125.9;CA
USC00043669;29.8;31.5;34.3;37.3;43.7;49.1;55;54.1;48.4;39.6;33.9;29.5;USC00043669;37.8444;-120.2258;853.4;CA
USW00093184;47;48.6;51.5;53.9;58.3;61;64.4;65.3;63.8;58.7;52.1;46.2;USW00093184;33.68;-117.8664;16.5;CA
USC00043710;32.9;35.3;40.2;45.6;53.9;61.6;68;66.3;59.2;49.3;39;32.1;USC00043710;36.1389;-117.9528;1165.9;CA
USW00093193;38.3;41.5;45.6;49.4;56.2;62.4;67.6;66.2;61.5;53;43.4;38;USW00093193;36.78;-119.7194;101.5;CA
USC00043714;41.5;42.2;42.7;43.3;46.8;49.2;51.6;52.3;49.8;46.9;43.7;41.9;USC00043714;37.4725;-122.4433;8.2;CA
USW00093197;48.4;48.2;50.8;52.2;56;59.7;62.7;62.8;61.4;57.3;51;46.9;USW00093197;34.0158;-118.4514;53;CA
USC00043747;36.5;39.7;44.4;48;55;60.5;64.8;63;58.2;49.9;41;35.7;USC00043747;36.3158;-119.6369;72.2;CA
USW00093205;37.1;39.6;42.7;44.8;51.6;57.4;59.8;58.7;55;48.4;40.9;36.9;USW00093205;39.1019;-121.5678;18.9;CA
USC00043824;21.8;24;27.6;31;37.3;42.9;46.2;43.4;37.2;30.2;25.4;21.5;USC00043824;40.9317;-121.5433;919;CA
USW00093206;40.7;42;44.4;45;47.8;51;54;54.5;54.1;49.5;44.2;39.5;USW00093206;35.2372;-120.6414;61;CA
USC00043855;39.4;42.1;46.4;51.6;59.9;66.8;74.7;74.2;66.6;55.3;45.2;38.5;USC00043855;33.7044;-115.6289;417.6;CA
USW00093209;34.9;38.2;40;41.2;46;50.3;54.1;53.5;50.5;44.4;37.8;33.7;USW00093209;35.6697;-120.6283;246.9;CA
USC00043875;39.6;41.6;43.5;45.6;50;54;54.6;54;52.7;48.7;43.3;39.2;USC00043875;38.6175;-122.8731;32.9;CA
USW00093210;38.2;41.8;44.5;47.4;54.1;61.5;63.9;62.4;58.3;51.2;43.8;38.3;USW00093210;39.49;-121.6183;57.9;CA
USC00043882;44.8;44.4;46.2;46.5;51.6;55.4;57.1;57.8;59.7;54.3;49.2;44.4;USC00043882;35.6842;-121.1683;465.1;CA
USW00093225;37.8;39.9;42.8;45.1;51.1;56.3;59.1;58;55.1;48;41.2;37;USW00093225;38.6956;-121.5897;7;CA
USC00043896;38.2;39.4;41.5;45.2;49.7;53.3;58.7;59.8;56.5;49.2;42;38.1;USC00043896;33.7381;-116.8939;552;CA
USW00093227;37;38.6;40.2;41.5;45.5;49.9;52.5;52;49.2;43.1;38.8;36;USW00093227;38.2103;-122.2847;4.3;CA
USC00043914;27.8;29.5;32;34.5;39.4;43.5;49.8;50.4;44.7;36.7;29.9;26;USC00043914;33.2372;-116.7614;823;CA
USW00093228;42.5;45.3;47.4;49.3;52.6;55.2;57.4;57.7;57.1;53.6;47.4;42.6;USW00093228;37.6542;-122.115;13.1;CA
USC00043939;30.5;31.3;34;38;44.5;51;57;56.3;51.5;43.4;35.3;30.4;USC00043939;37.9614;-119.7831;1179.6;CA
USW00093230;16.1;17.7;22.5;26.6;32.2;37.1;41.4;40.2;34.5;28.1;22.1;16.5;USW00093230;38.8983;-119.9947;1924.5;CA
USC00044025;38.2;41.1;42.4;44.3;47.7;50.9;53;53.6;52.2;47.4;41.7;37.7;USC00044025;36.8483;-121.4214;83.8;CA
USW00093241;38;40.7;43.5;46.1;51.5;57;59.8;58.3;55.9;49.7;42.9;37.8;USW00093241;38.3775;-121.9575;33.2;CA
USC00044176;24.9;24.2;25.8;28.9;35.2;41.4;48;47.6;43;36.4;29.7;25.9;USC00044176;37.2275;-119.2206;2139.7;CA
USW00093242;37.2;40;42.1;45;51;57.7;60.6;59.2;55.8;48.8;40.8;36.4;USW00093242;36.9878;-120.1106;77.1;CA
USC00044211;30;30.2;31.4;34.9;40.8;47;54.2;54.3;49;41.1;33.6;29.4;USC00044211;33.7572;-116.7067;1639.8;CA
USW00093243;36.7;38.1;40.4;41.3;45.5;49.8;53.6;52.4;50.2;45.8;37.8;34.5;USW00093243;37.2381;-120.8825;23.8;CA
USC00044223;41;44.4;49.1;54.1;61;67.8;75;75.8;70.3;58.9;47.3;40.1;USC00044223;32.8489;-115.5667;-19.5;CA
USW00093245;44.3;44.4;45.8;46.1;47.4;50;52.4;51.7;50.9;48.8;46.3;43.2;USW00093245;38.3208;-123.0747;19.2;CA
USC00044232;28.5;31.9;37.3;42.4;51.5;59.8;65.1;62.5;56.1;45.3;34.7;27.5;USC00044232;36.7981;-118.2036;1204;CA
USC00044259;44.6;48;54.8;60.7;67.7;74.2;80.3;80.3;74;63.7;51.8;44.2;USC00044259;33.7086;-116.2153;-6.4;CA
USC00044278;31.7;35.3;40;45.5;54.2;61.5;67.3;66;59.1;48.7;38.1;31;USC00044278;35.6514;-117.8214;740.7;CA
USC00044297;46;49.2;54;60.1;69.3;77.3;82.9;81.6;74.7;63.1;52.3;44.7;USC00044297;34.1472;-115.1219;281;CA
USC00044303;46.2;46.4;46.1;48.7;53.4;56.7;60.6;60.5;58.4;54.8;49.8;45.6;USC00044303;33.72;-117.7231;164.6;CA
USC00044374;20.9;22.2;25.1;29;35.1;41.9;47.4;46.7;40.2;32.6;25;19.9;USC00044374;41.2683;-120.2947;1645.9;CA
USC00044405;37;38.9;42.5;45.4;54;59.9;69.3;68.3;64.4;51.8;42.8;34.8;USC00044405;34.1469;-116.2747;781.2;CA
USC00044412;36.6;35.8;37;40.1;45.3;51.9;60.3;59.3;54.6;47.4;40.8;35.6;USC00044412;33.0764;-116.5925;1284.7;CA
USC00044500;41.3;43.2;44.4;46;49;51.9;53;53.1;52.2;49.6;45.3;41.3;USC00044500;37.9569;-122.5439;44.2;CA
