ID;VALUE1;VALUE2;VALUE3;VALUE4;VALUE5;VALUE6;VALUE7;VALUE8;VALUE9;VALUE10;VALUE12;VALUE11;_ID;_LATITUDE;_LONGITUDE;_ELEVATION;_STATE
USW00024283;8.23;6.55;6.28;4.36;2.69;1.34;0.29;0.42;0.95;2.87;8.44;6.73;USW00024283;40.9781;-124.1086;61;CA
USW00024286;10.39;8.88;7.86;5.20;2.87;1.73;0.41;0.52;0.93;4.24;11.27;9.73;USW00024286;41.7803;-124.2367;17.1;CA
USC00040029;1.70;1.59;1.76;1.44;1.60;0.97;0.26;0.32;0.57;1.14;2.16;2.01;USC00040029;41.1936;-120.9447;1278.6;CA
USC00040136;3.03;3.60;3.14;1.24;0.36;0.15;0.23;0.15;0.27;0.74;2.11;1.75;USC00040136;32.8358;-116.7775;516.6;CA
USC00040161;1.24;1.22;1.44;1.16;1.44;0.78;0.24;0.34;0.51;0.85;1.50;1.72;USC00040161;41.4931;-120.5528;1341.1;CA
USC00040192;2.86;3.08;1.90;0.80;0.28;0.10;0.03;0.01;0.25;0.72;2.02;1.38;USC00040192;33.8647;-117.8425;102.1;CA
USC00040212;7.76;7.75;5.66;2.34;1.53;0.29;0.01;0.06;0.46;2.19;8.09;5.16;USC00040212;38.5731;-122.4406;522.7;CA
USC00040232;2.66;2.35;2.08;0.78;0.43;0.09;-77.77;0.02;0.18;0.62;2.41;1.60;USC00040232;37.9856;-121.7458;18.3;CA
USC00040343;4.90;4.83;4.33;2.61;1.12;0.40;0.11;0.03;0.44;1.44;3.99;2.91;USC00040343;36.4914;-118.8253;520.6;CA
USC00040379;5.22;4.64;4.26;1.97;0.99;0.31;0.07;0.05;0.38;1.50;4.24;2.62;USC00040379;37.0919;-119.5128;637;CA
USC00040383;6.36;6.28;5.81;2.87;1.59;0.37;-77.77;0.07;0.60;2.08;6.73;4.39;USC00040383;38.9072;-121.0839;393.8;CA
USC00040436;0.59;0.83;0.56;0.18;0.09;0.06;0.31;0.48;0.31;0.21;0.53;0.33;USC00040436;35.2761;-116.0628;293.2;CA
USC00040444;1.48;1.47;1.44;0.61;0.31;0.09;0.03;0.05;0.18;0.41;1.07;0.89;USC00040444;35.4186;-119.0508;143.3;CA
USW00053119;2.04;1.73;1.63;0.79;0.42;0.15;0.02;0.02;0.17;0.50;1.63;1.00;USW00053119;36.3189;-119.6289;75.9;CA
USC00040449;6.32;5.68;4.82;2.62;1.24;0.45;0.17;0.02;0.64;1.55;4.65;3.10;USC00040449;36.9092;-119.0883;524.3;CA
USW00053120;3.32;3.11;3.08;1.40;0.30;0.12;0.13;0.15;0.29;0.72;2.23;1.19;USW00053120;33.0375;-116.9158;424.6;CA
USC00040521;0.84;0.96;0.68;0.21;0.07;0.05;0.30;0.27;0.34;0.32;0.78;0.48;USC00040521;34.8928;-117.0219;676.7;CA
USW00053121;2.65;3.07;2.21;0.97;0.26;0.11;0.12;0.15;0.24;0.70;2.15;1.03;USW00053121;33.2194;-117.3494;8.5;CA
USC00040673;10.06;9.90;7.16;3.24;1.23;0.23;0.01;0.06;0.27;2.35;9.88;6.09;USC00040673;37.0856;-122.0797;128;CA
USC00040693;4.98;5.21;3.86;1.66;0.86;0.15;0.01;0.06;0.24;1.37;5.04;3.30;USC00040693;37.8744;-122.2606;94.5;CA
USC00040738;6.12;5.30;4.28;2.36;1.72;0.51;0.17;0.34;0.63;2.30;7.36;5.34;USC00040738;40.7406;-123.2078;381.9;CA
USC00040741;4.14;4.07;2.56;0.94;0.35;0.15;0.58;1.10;0.46;0.90;3.10;1.75;USC00040741;34.2442;-116.9039;2060.4;CA
USC00040755;6.11;5.84;4.85;3.03;1.59;0.41;0.27;0.09;0.54;2.07;5.10;3.96;USC00040755;37.2064;-119.2419;1486.8;CA
USW00053150;6.95;7.80;5.81;3.42;2.28;0.61;0.18;0.13;0.58;2.76;6.70;4.52;USW00053150;37.7592;-119.8208;2017.8;CA
USC00040790;9.21;8.65;6.67;3.00;1.05;0.23;0.03;0.05;0.42;2.11;8.63;4.83;USC00040790;36.2472;-121.7803;61;CA
USC00040924;0.56;0.58;0.40;0.09;0.04;-77.77;0.22;0.42;0.45;0.20;0.58;0.23;USC00040924;33.6131;-114.5972;81.7;CA
USC00040931;3.40;3.39;2.77;1.36;0.98;0.53;0.46;0.38;0.89;1.48;3.93;2.86;USC00040931;39.3886;-120.0936;1699.3;CA
USC00040943;1.66;1.56;1.49;0.93;0.70;0.76;0.72;0.45;0.46;0.53;1.44;1.09;USC00040943;38.2119;-119.0142;2551.2;CA
USC00040983;1.14;1.32;0.84;0.17;0.05;0.02;0.30;0.44;0.31;0.24;0.91;0.39;USC00040983;33.2314;-116.4144;245.4;CA
USC00041018;10.05;10.89;9.41;5.16;3.54;1.01;0.18;0.26;1.07;3.95;12.59;8.30;USC00041018;39.4539;-120.6556;1641.3;CA
USC00041048;0.48;0.53;0.33;0.05;0.02;-77.77;0.08;0.21;0.16;0.25;0.48;0.19;USC00041048;32.9544;-115.5581;-30.5;CA
USC00041072;1.25;1.63;0.97;0.46;0.48;0.28;0.33;0.46;0.45;0.33;1.70;1.06;USC00041072;38.2575;-119.2286;1972.1;CA
USC00041214;4.56;4.14;3.88;2.27;1.75;0.73;0.28;0.31;0.49;1.70;5.07;3.24;USC00041214;40.8803;-121.6547;974.8;CA
USC00041244;1.28;1.18;1.21;0.50;0.20;0.06;0.01;0.03;0.09;0.33;0.94;0.57;USC00041244;35.4047;-119.4731;82;CA
USC00041253;4.94;5.18;3.93;1.43;0.46;0.05;0.01;0.03;0.13;0.99;3.36;1.58;USC00041253;34.5825;-119.9817;238.7;CA
USC00041277;10.24;10.00;8.25;4.64;2.62;0.80;0.13;0.09;0.84;3.38;9.58;6.43;USC00041277;38.2769;-120.3114;1431;CA
USC00041312;8.16;7.79;5.77;2.39;1.40;0.22;0.03;0.05;0.32;2.11;7.88;4.75;USC00041312;38.5961;-122.6014;121.9;CA
USC00041316;3.54;2.75;2.19;1.37;1.28;0.76;0.46;0.32;0.45;1.36;4.05;2.99;USC00041316;41.3111;-122.8045;970.8;CA
USC00041428;4.14;3.86;3.80;1.99;1.17;0.29;0.01;0.04;0.44;1.31;3.75;2.69;USC00041428;38.2486;-120.8433;200.6;CA
USC00041484;3.62;4.65;2.86;1.02;0.31;0.07;0.02;0.05;0.14;0.93;2.76;1.34;USC00041484;34.1819;-118.5744;240.8;CA
USC00041497;6.02;6.46;5.32;2.75;1.73;0.73;0.14;0.20;0.69;2.16;6.74;4.67;USC00041497;40.1703;-121.0883;1389.9;CA
USC00041534;3.82;3.89;3.07;1.38;0.51;0.13;0.01;0.03;0.23;0.93;3.01;2.35;USC00041534;36.4806;-121.7244;146.3;CA
USC00041606;5.80;4.74;4.91;2.58;1.91;0.99;0.49;0.43;0.52;2.30;7.59;5.56;USC00041606;41.1417;-123.1392;704.1;CA
USC00041614;1.51;1.24;1.34;1.27;1.20;0.66;0.20;0.27;0.43;0.88;1.82;1.74;USC00041614;41.5306;-120.1803;1408.5;CA
USC00041697;9.13;8.68;7.24;3.74;2.14;0.74;0.14;0.13;0.91;3.16;8.81;5.69;USC00041697;37.9747;-119.9161;1452.4;CA
USC00041700;5.96;5.32;4.83;2.49;1.74;0.75;0.29;0.24;0.63;2.04;5.93;4.13;USC00041700;40.3033;-121.2422;1380.7;CA
USC00041715;4.86;4.42;4.29;1.75;1.04;0.48;0.02;0.08;0.42;1.42;4.61;3.28;USC00041715;39.6911;-121.8211;56.4;CA
USC00041738;0.83;0.74;0.48;0.19;0.08;0.02;0.29;0.52;0.35;0.23;0.61;0.36;USC00041738;33.6617;-115.7206;520;CA
USC00041758;1.94;2.30;1.69;0.69;0.09;0.07;0.03;0.01;0.14;0.53;1.43;0.91;USC00041758;32.64;-117.0858;17.1;CA
USC00041806;6.45;5.91;4.53;1.73;1.13;0.22;0.02;0.10;0.43;1.44;5.95;3.51;USC00041806;38.9239;-122.5672;411.2;CA
USC00041838;8.43;7.80;6.16;2.56;1.44;0.16;0.01;0.14;0.32;2.12;8.45;5.54;USC00041838;38.8;-123.0175;100.6;CA
USC00041864;1.92;1.72;1.51;0.43;0.29;0.07;-77.77;0.03;0.16;0.40;1.18;0.54;USC00041864;36.1356;-120.3606;204.2;CA
USC00041912;7.76;8.16;7.06;3.41;1.99;0.61;0.02;0.13;0.79;2.55;8.49;6.07;USC00041912;39.0911;-120.9481;725.4;CA
USC00041948;3.91;3.00;2.47;0.97;0.75;0.29;0.01;0.05;0.30;0.97;2.99;2.13;USC00041948;39.1875;-122.0269;15.2;CA
USC00041967;3.54;3.70;2.53;1.12;0.58;0.10;0.00;0.03;0.10;0.82;3.38;2.22;USC00041967;37.9833;-122.0692;12.2;CA
USC00042012;1.56;1.36;1.27;0.62;0.26;0.05;-77.77;0.01;0.14;0.44;1.08;0.76;USC00042012;36.0975;-119.5817;61;CA
USC00042081;7.84;6.91;5.45;2.88;1.69;0.49;0.04;0.18;0.44;2.29;8.69;5.56;USC00042081;39.8158;-123.2444;430.7;CA
USC00042147;10.82;8.92;9.11;6.34;3.54;2.01;0.35;0.57;1.19;4.51;13.70;10.18;USC00042147;41.7958;-124.2147;13.1;CA
USC00042214;2.81;3.75;2.39;0.60;0.31;0.06;0.01;0.01;0.11;0.53;2.13;1.22;USC00042214;34.0053;-118.4136;20.7;CA
USC00042239;5.54;6.52;5.77;2.67;0.71;0.20;0.41;0.82;0.74;1.88;4.89;3.26;USC00042239;32.9897;-116.5872;1414.3;CA
USC00042294;3.92;3.87;2.77;1.17;0.56;0.20;-77.77;0.05;0.26;0.90;3.54;2.36;USC00042294;38.535;-121.7761;18.3;CA
USC00042319;0.39;0.51;0.30;0.12;0.03;0.05;0.07;0.13;0.21;0.07;0.30;0.18;USC00042319;36.4622;-116.8669;-59.1;CA
USC00042331;0.67;1.02;0.71;0.35;0.48;0.18;0.85;0.85;0.32;0.29;0.59;0.52;USC00042331;37.3739;-117.9803;1592.6;CA
USC00042402;11.89;11.62;9.59;5.13;2.91;0.91;0.04;0.15;1.14;3.75;12.67;7.87;USC00042402;39.8717;-121.6108;826;CA
USC00042410;0.53;0.52;0.46;0.08;0.06;0.01;0.24;0.65;0.37;0.24;0.52;0.24;USC00042410;33.7378;-115.3925;227.7;CA
USC00042456;7.39;7.53;7.78;3.23;2.32;0.64;0.01;0.20;0.80;3.19;9.13;6.69;USC00042456;39.3575;-121.2011;499.9;CA
USC00042467;5.54;6.59;5.35;2.58;1.79;0.71;0.27;0.36;0.92;2.17;7.18;5.00;USC00042467;39.3239;-120.2331;1809.6;CA
USC00042500;10.63;10.52;9.68;4.88;3.41;0.93;0.18;0.21;1.13;3.74;11.82;8.11;USC00042500;39.5633;-120.8239;888.5;CA
USC00042506;1.95;2.17;1.89;0.94;0.97;0.62;0.35;0.30;0.64;1.03;2.51;2.32;USC00042506;39.9717;-120.0828;1338.1;CA
USC00042574;11.13;10.32;9.05;4.43;3.04;1.20;0.22;0.26;0.90;3.45;12.82;8.13;USC00042574;41.1833;-122.2736;661.4;CA
USC00042598;0.59;0.61;0.45;0.05;0.07;0.02;0.22;0.71;0.36;0.20;0.60;0.22;USC00042598;33.8089;-115.4508;296.6;CA
USC00042640;5.24;4.23;2.97;1.23;0.80;0.30;0.04;0.08;0.30;1.07;4.03;2.65;USC00042640;39.3592;-122.5178;367.3;CA
USC00042671;8.65;8.19;6.74;4.51;2.66;1.55;0.43;0.68;1.55;3.55;8.02;5.90;USC00042671;38.7833;-120.0333;2240.3;CA
USC00042706;2.25;2.58;2.35;0.84;0.13;0.07;0.14;0.02;0.15;0.61;1.81;1.36;USC00042706;32.8139;-116.975;123.4;CA
USC00042709;2.90;3.54;3.26;1.27;0.30;0.08;0.07;0.05;0.19;0.86;2.42;1.44;USC00042709;32.8839;-116.8164;182.9;CA
USC00042713;0.49;0.46;0.30;0.05;0.02;-77.77;0.06;0.27;0.28;0.34;0.41;0.17;USC00042713;32.7669;-115.5617;-9.1;CA
USC00042728;6.06;5.57;5.12;2.54;1.25;0.37;0.01;0.04;0.47;1.73;5.41;3.75;USC00042728;38.3306;-120.6706;217.9;CA
USC00042771;1.02;1.08;0.80;0.28;0.15;0.06;0.17;0.32;0.23;0.29;0.75;0.36;USC00042771;34.5892;-117.6303;899.2;CA
USC00042805;3.04;2.91;1.77;0.62;0.14;0.02;0.21;0.01;0.24;0.61;2.01;0.86;USC00042805;33.6692;-117.3319;391.7;CA
USC00042863;3.03;3.41;2.65;1.15;0.25;0.12;0.08;0.08;0.21;0.71;2.14;1.17;USC00042863;33.1211;-117.0883;182.9;CA
USC00042934;4.78;4.88;3.41;1.34;0.76;0.18;0.00;0.03;0.21;1.22;5.06;2.94;USC00042934;38.2736;-122.0678;12.2;CA
USC00042941;3.71;4.26;2.20;1.05;0.35;0.07;0.09;0.07;0.20;0.83;2.58;1.35;USC00042941;34.705;-118.4242;932.7;CA
USC00043083;2.06;1.48;1.37;0.52;0.30;0.17;0.00;0.02;0.21;0.49;1.16;0.62;USC00043083;36.3642;-120.1561;86.9;CA
USC00043157;2.42;2.09;2.08;1.68;1.33;0.85;0.24;0.31;0.48;1.15;3.10;2.39;USC00043157;41.52;-120.09;1442.3;CA
USC00043161;7.51;6.84;6.27;3.32;1.80;0.72;0.09;0.21;0.45;2.49;8.46;5.31;USC00043161;39.5092;-123.7567;37.5;CA
USC00043191;7.23;6.46;5.38;2.69;1.50;0.35;0.06;0.10;0.39;2.19;8.40;5.12;USC00043191;38.515;-123.2447;34.1;CA
USC00043244;3.07;3.17;2.92;1.16;0.49;0.10;0.00;0.04;0.21;0.85;2.82;1.85;USC00043244;37.5422;-122.0158;11.6;CA
USC00043256;2.27;1.99;2.48;1.02;0.56;0.22;0.04;0.03;0.33;0.66;2.00;1.20;USC00043256;36.7525;-119.7017;100;CA
USC00043261;2.96;2.60;2.63;1.19;0.49;0.21;0.01;0.01;0.18;0.84;2.33;1.48;USC00043261;36.9969;-119.7072;125;CA
USC00043384;8.53;8.94;8.37;4.45;2.29;0.68;0.02;0.12;0.81;2.85;8.08;6.39;USC00043384;38.9331;-120.8008;914.7;CA
USC00043392;4.08;4.92;2.95;1.01;0.36;0.12;0.02;0.07;0.23;0.85;1.73;1.23;USC00043392;34.0869;-118.4794;340.5;CA
USC00043417;4.38;4.13;3.00;1.25;0.49;0.11;0.01;0.03;0.24;0.92;3.70;2.28;USC00043417;37.0067;-121.5633;59.1;CA
USC00043463;3.60;3.75;3.43;1.74;0.78;0.15;0.08;0.12;0.26;0.91;3.05;2.33;USC00043463;35.7269;-118.7006;957.1;CA
USC00043489;0.61;0.61;0.48;0.09;0.12;0.05;0.51;0.26;0.22;0.28;0.60;0.16;USC00043489;32.8833;-114.8667;147.8;CA
USC00043551;7.81;7.33;6.67;3.65;1.60;0.53;0.23;0.13;0.90;2.47;6.67;4.27;USC00043551;36.7394;-118.9631;2011.7;CA
USC00043573;8.88;9.02;8.06;4.02;2.38;0.62;0.01;0.16;0.86;2.84;10.32;6.57;USC00043573;39.2042;-121.0681;731.5;CA
USC00043578;8.37;7.76;5.77;2.43;1.38;0.30;0.01;0.08;0.33;2.19;8.27;5.39;USC00043578;38.4306;-122.8647;61;CA
USC00043647;8.61;8.13;7.90;4.61;2.40;0.77;0.09;0.34;0.69;3.06;11.94;7.40;USC00043647;40.4864;-123.9089;125.9;CA
USC00043669;8.19;6.93;6.14;3.20;1.90;0.46;0.10;0.10;0.60;2.40;6.37;4.13;USC00043669;37.8444;-120.2258;853.4;CA
USC00043710;1.32;1.48;1.00;0.29;0.19;0.08;0.40;0.31;0.34;0.25;1.05;0.62;USC00043710;36.1389;-117.9528;1165.9;CA
USC00043714;5.53;5.19;4.22;1.90;0.98;0.29;0.14;0.22;0.37;1.56;5.28;3.32;USC00043714;37.4725;-122.4433;8.2;CA
USC00043747;1.79;1.45;1.65;0.78;0.26;0.09;0.05;0.01;0.14;0.49;1.46;0.79;USC00043747;36.3158;-119.6369;72.2;CA
USC00043824;2.89;2.52;2.59;1.62;1.35;0.63;0.20;0.24;0.63;1.21;2.84;2.44;USC00043824;40.9317;-121.5433;919;CA
USC00043855;0.95;0.72;0.58;0.09;0.06;-77.77;0.21;0.68;0.39;0.26;0.65;0.27;USC00043855;33.7044;-115.6289;417.6;CA
USC00043875;8.54;8.13;6.36;2.58;1.56;0.20;0.01;0.09;0.32;2.20;8.60;5.36;USC00043875;38.6175;-122.8731;32.9;CA
USC00043882;5.48;5.93;4.53;1.90;0.66;0.09;0.02;0.05;0.30;1.37;5.78;2.75;USC00043882;35.6842;-121.1683;465.1;CA
USC00043896;2.47;2.58;1.77;0.79;0.36;0.06;0.20;0.24;0.37;0.57;1.47;0.83;USC00043896;33.7381;-116.8939;552;CA
USC00043914;5.42;5.64;4.63;1.86;0.45;0.14;0.28;0.48;0.55;1.09;3.94;2.21;USC00043914;33.2372;-116.7614;823;CA
USC00043939;6.30;5.87;5.56;3.32;2.14;0.70;0.28;0.14;0.80;2.41;5.79;4.39;USC00043939;37.9614;-119.7831;1179.6;CA
USC00044025;2.93;2.74;2.36;0.97;0.40;0.07;-77.77;0.01;0.21;0.69;2.13;1.68;USC00044025;36.8483;-121.4214;83.8;CA
USC00044176;7.97;8.04;6.54;3.79;2.15;0.66;0.47;0.19;0.84;2.59;7.17;4.43;USC00044176;37.2275;-119.2206;2139.7;CA
USC00044211;4.89;5.37;3.78;1.81;0.44;0.16;0.66;0.79;0.84;1.22;3.72;2.50;USC00044211;33.7572;-116.7067;1639.8;CA
USC00044223;0.46;0.46;0.35;0.06;0.04;-77.77;0.10;0.23;0.27;0.28;0.44;0.21;USC00044223;32.8489;-115.5667;-19.5;CA
USC00044232;1.16;1.01;0.64;0.19;0.10;0.16;0.12;0.12;0.14;0.21;0.97;0.66;USC00044232;36.7981;-118.2036;1204;CA
USC00044259;0.56;0.64;0.43;0.05;0.07;0.01;0.04;0.54;0.04;0.26;0.62;0.18;USC00044259;33.7086;-116.2153;-6.4;CA
USC00044278;0.93;1.19;0.57;0.12;0.07;0.04;0.16;0.26;0.17;0.10;0.98;0.35;USC00044278;35.6514;-117.8214;740.7;CA
USC00044297;0.60;0.68;0.54;0.09;0.10;-77.77;0.28;0.42;0.27;0.25;0.58;0.20;USC00044297;34.1472;-115.1219;281;CA
USC00044303;2.92;3.31;2.14;0.94;0.28;0.12;0.05;0.05;0.20;0.74;2.40;1.17;USC00044303;33.72;-117.7231;164.6;CA
USC00044374;1.80;1.46;1.97;2.17;2.47;1.62;0.41;0.46;0.73;1.31;2.45;2.25;USC00044374;41.2683;-120.2947;1645.9;CA
USC00044405;0.77;0.82;0.60;0.10;0.33;0.04;0.24;0.55;0.34;0.39;0.29;0.64;USC00044405;34.1469;-116.2747;781.2;CA
USC00044412;3.90;4.78;4.28;1.82;0.29;0.12;0.27;0.37;0.46;1.02;3.29;2.32;USC00044412;33.0764;-116.5925;1284.7;CA
USW00093101;2.73;3.63;2.44;0.86;0.23;0.11;0.03;0.05;0.25;0.65;2.27;1.13;USW00093101;33.6667;-117.7333;116.1;CA
USC00044500;9.13;9.12;6.56;2.49;1.48;0.25;-77.77;0.06;0.26;2.26;9.91;6.46;USC00044500;37.9569;-122.5439;44.2;CA
USW00093107;1.90;2.57;1.98;0.81;0.18;0.07;0.08;0.02;0.17;0.56;1.75;1.07;USW00093107;32.8667;-117.1333;145.4;CA
USC00044523;2.62;2.64;2.08;0.73;0.34;0.10;0.17;0.18;0.23;0.51;1.97;1.53;USC00044523;35.7831;-118.4389;823.9;CA
USW00093110;2.95;3.54;2.52;0.95;0.15;0.06;0.03;0.05;0.17;0.78;1.99;1.41;USW00093110;34.2008;-119.2069;11;CA
USC00044534;2.03;1.40;1.74;0.71;0.39;0.09;0.01;0.03;0.23;0.21;1.10;0.68;USC00044534;36.0042;-119.96;73.2;CA
USW00093111;2.46;3.49;2.10;0.66;0.25;0.05;0.02;0.05;0.19;0.49;1.84;1.19;USW00093111;34.1167;-119.1167;4;CA
USW00093112;1.69;2.04;1.66;0.72;0.08;0.06;0.02;0.02;0.15;0.65;1.39;0.93;USW00093112;32.7;-117.2;7.9;CA
USC00044555;2.32;2.51;2.20;0.78;0.31;0.05;0.01;0.01;0.15;0.63;1.98;1.11;USC00044555;36.2069;-121.1378;97.5;CA
USW00093114;2.17;3.02;1.94;0.92;0.17;0.09;0.04;0.04;0.25;0.47;1.85;1.03;USW00093114;33.7;-117.8333;18;CA
USC00044577;12.18;10.65;10.31;6.27;3.94;2.00;0.37;0.53;1.21;5.00;15.72;11.42;USC00044577;41.5786;-124.0747;8.5;CA
USW00093115;1.79;2.04;1.86;0.80;0.21;0.08;0.07;0.04;0.20;0.65;1.63;1.14;USW00093115;32.5667;-117.1167;7.3;CA
USW00093116;2.77;2.87;1.72;0.55;0.29;0.06;0.04;0.05;0.12;0.82;3.02;0.60;USW00093116;33.25;-119.45;153;CA
USC00044647;2.85;3.30;1.96;0.88;0.25;0.11;0.06;0.03;0.25;0.65;2.38;1.09;USC00044647;33.5453;-117.7814;13.4;CA
USC00044671;8.20;9.23;6.08;2.73;1.00;0.25;0.10;0.21;0.69;2.51;5.21;3.41;USC00044671;34.2467;-117.1883;1586.5;CA
USW00093134;3.12;3.80;2.43;0.91;0.26;0.09;0.01;0.04;0.24;0.66;2.33;1.04;USW00093134;34.0511;-118.2353;70.1;CA
USW00093138;1.00;1.03;0.61;0.11;0.13;0.06;0.25;0.34;0.36;0.44;0.88;0.53;USW00093138;33.8281;-116.5053;128.3;CA
USC00044712;5.38;5.22;3.60;1.40;0.76;0.12;0.01;0.03;0.24;1.18;5.13;2.98;USC00044712;38.4919;-122.0039;57.9;CA
USC00044713;12.26;12.64;10.90;6.20;4.10;1.25;0.12;0.29;1.39;4.34;14.01;9.32;USC00044713;39.3183;-120.6392;1571.5;CA
USC00044735;2.40;2.41;2.41;0.92;0.15;0.08;0.04;0.03;0.21;0.69;1.89;1.45;USC00044735;32.7675;-117.0233;161.5;CA
USC00044838;1.56;2.07;1.87;1.21;1.27;1.17;0.60;0.45;0.53;1.06;1.34;2.05;USC00044838;41.7019;-121.5011;1453.9;CA
USW00093184;2.91;2.95;1.90;0.89;0.23;0.08;0.04;0.03;0.22;0.75;2.08;1.25;USW00093184;33.68;-117.8664;16.5;CA
USW00093193;2.19;2.03;2.03;0.95;0.43;0.21;0.01;0.01;0.17;0.63;1.77;1.07;USW00093193;36.78;-119.7194;101.5;CA
USW00093197;3.36;3.28;2.55;0.74;0.22;0.07;0.34;0.05;0.22;0.77;1.96;1.15;USW00093197;34.0158;-118.4514;53;CA
USC00044881;2.30;2.83;1.88;0.64;0.62;0.33;0.44;0.50;0.33;1.04;2.67;2.09;USC00044881;37.9567;-119.1194;2071.7;CA
USW00093205;4.23;3.39;3.23;1.70;1.08;0.37;0.01;0.11;0.48;1.48;3.47;3.20;USW00093205;39.1019;-121.5678;18.9;CA
USC00044890;2.81;2.47;2.59;1.37;0.55;0.16;0.02;0.03;0.21;0.70;2.20;1.57;USC00044890;36.3817;-119.0264;156.4;CA
USW00093206;3.66;3.65;3.20;1.11;0.38;0.07;0.02;0.04;0.21;0.88;4.04;1.75;USW00093206;35.2372;-120.6414;61;CA
USC00044957;2.40;2.15;2.22;1.14;0.40;0.13;0.01;0.01;0.19;0.64;1.83;1.34;USC00044957;36.2033;-119.0545;132.6;CA
USW00093209;2.75;2.59;2.49;0.68;0.26;0.02;-77.77;0.11;0.22;0.62;2.01;1.03;USW00093209;35.6697;-120.6283;246.9;CA
USC00044997;2.87;2.88;2.36;1.01;0.48;0.09;-77.77;0.05;0.22;0.85;2.58;1.84;USC00044997;37.6922;-121.7692;146.3;CA
USW00093210;6.62;5.42;4.21;1.93;1.06;0.43;0.02;0.14;0.65;2.02;4.76;4.26;USW00093210;39.49;-121.6183;57.9;CA
USC00045026;8.36;8.44;6.87;3.27;1.41;0.64;0.64;0.28;0.97;2.24;7.64;4.72;USC00045026;36.6044;-118.7325;2052.8;CA
USW00093225;3.93;4.25;3.12;1.41;0.76;0.19;0.00;0.05;0.32;1.03;3.50;2.61;USW00093225;38.6956;-121.5897;7;CA
USC00045032;3.48;3.31;2.87;1.36;0.67;0.14;-77.77;0.03;0.31;1.15;3.34;2.36;USC00045032;38.1061;-121.2878;12.2;CA
USW00093227;4.38;3.79;2.50;1.04;0.82;0.19;-77.77;0.03;0.32;0.97;3.79;2.56;USW00093227;38.2103;-122.2847;4.3;CA
USC00045064;3.33;3.59;2.88;1.01;0.29;0.04;0.01;0.03;0.10;0.74;2.56;1.41;USC00045064;34.6539;-120.4514;29;CA
USW00093228;3.30;3.47;2.63;1.24;0.55;0.20;-77.77;0.04;0.32;1.00;3.12;2.17;USW00093228;37.6542;-122.115;13.1;CA
USW00093230;2.67;2.62;2.87;1.04;1.07;0.59;0.43;0.45;0.67;1.80;2.93;3.24;USW00093230;38.8983;-119.9947;1924.5;CA
USC00045118;1.96;1.91;1.47;0.68;0.47;0.06;0.02;0.02;0.23;0.54;1.56;1.03;USC00045118;37.0564;-120.8667;36.6;CA
USW00093241;4.82;4.76;3.30;1.29;0.70;0.15;0.00;0.05;0.26;1.20;4.75;2.94;USW00093241;38.3775;-121.9575;33.2;CA
USW00093242;2.45;2.13;1.80;0.95;0.48;0.19;0.02;0.02;0.25;0.88;1.70;1.15;USW00093242;36.9878;-120.1106;77.1;CA
USC00045120;1.73;1.67;1.30;0.49;0.37;0.28;0.01;0.02;0.24;0.47;1.35;0.93;USC00045120;36.9897;-120.9297;124.1;CA
USW00093243;2.29;2.07;1.72;0.73;0.44;0.12;0.01;0.04;0.27;0.61;1.67;1.12;USW00093243;37.2381;-120.8825;23.8;CA
USC00045123;4.94;4.87;3.63;1.40;0.54;0.10;-77.77;0.03;0.18;1.01;4.01;2.37;USC00045123;37.2319;-121.9592;111.3;CA
USC00045233;2.21;2.16;2.16;1.08;0.50;0.11;-77.77;0.01;0.14;0.76;1.93;1.17;USC00045233;36.9539;-120.0378;82.3;CA
USC00045311;5.91;5.23;5.10;3.72;3.19;1.30;0.45;0.39;1.17;3.04;6.22;5.43;USC00045311;40.5411;-121.5767;1752.6;CA
USC00045360;5.74;5.94;4.23;1.70;0.95;0.14;-77.77;0.05;0.28;1.31;5.38;3.13;USC00045360;38.4917;-122.1242;146.3;CA
USC00045378;4.01;3.91;2.86;1.21;0.60;0.13;-77.77;0.05;0.18;0.98;3.71;2.59;USC00045378;38.0131;-122.1142;12.2;CA
USC00045385;4.19;3.57;3.32;1.70;0.84;0.21;-77.77;0.05;0.28;1.34;3.98;2.56;USC00045385;39.1458;-121.5853;17.4;CA
USC00045449;8.65;7.73;7.11;3.68;2.67;1.10;0.20;0.27;0.80;2.72;8.37;5.92;USC00045449;41.2514;-122.1383;999.7;CA
USC00045502;0.55;0.60;0.34;0.09;0.02;0.00;0.14;0.20;0.21;0.28;0.42;0.30;USC00045502;33.5714;-116.0767;-54.9;CA
USC00045532;2.61;2.37;2.07;0.94;0.54;0.08;0.01;0.02;0.16;0.83;2.08;1.33;USC00045532;37.2858;-120.5117;46.6;CA
USC00045679;8.97;8.58;8.14;4.35;3.23;1.37;0.14;0.23;1.17;3.70;10.64;7.04;USC00045679;40.3458;-121.6092;1485.9;CA
USC00045721;1.27;1.78;1.53;0.56;0.17;0.10;1.04;1.34;0.99;0.80;1.35;0.57;USC00045721;34.9436;-115.5469;1325.9;CA
USC00045756;1.20;1.53;0.97;0.23;0.10;0.04;0.32;0.28;0.14;0.37;0.89;0.60;USC00045756;35.0492;-118.1619;833.6;CA
USC00045790;3.78;3.40;2.66;0.93;0.33;0.06;0.01;0.03;0.18;0.30;2.43;1.21;USC00045790;34.0192;-118.1053;75;CA
USC00045795;4.40;3.92;3.38;1.49;0.56;0.20;0.05;0.07;0.24;1.06;3.41;2.32;USC00045795;36.5903;-121.91;117.3;CA
USC00045802;3.77;3.62;2.96;1.16;0.49;0.11;0.02;0.06;0.24;0.90;2.59;1.92;USC00045802;36.5928;-121.8556;37.2;CA
USC00045866;3.57;3.77;3.29;1.10;0.43;0.08;0.01;0.05;0.24;0.82;2.72;1.40;USC00045866;35.3672;-120.8456;35.1;CA
USC00045892;0.94;1.62;0.94;0.32;0.20;0.08;1.75;1.52;0.51;0.52;1.02;0.52;USC00045892;35.4592;-115.5311;1456;CA
USC00045915;4.77;4.62;3.52;1.63;1.06;0.19;0.01;0.04;0.28;1.42;4.39;3.11;USC00045915;37.8792;-121.9303;661.4;CA
USC00045933;4.68;4.46;4.04;1.99;1.11;0.26;0.01;0.06;0.38;1.42;4.15;3.57;USC00045933;37.3436;-121.6425;1282;CA
USC00046006;7.02;8.70;6.17;2.58;0.86;0.24;0.09;0.18;0.71;1.71;4.69;3.03;USC00046006;34.2308;-118.0711;1740.4;CA
USC00046074;5.13;5.35;3.87;1.59;1.03;0.19;-77.77;0.09;0.30;1.48;5.23;3.45;USC00046074;38.2778;-122.2647;10.7;CA
USC00046136;10.48;10.57;9.37;4.85;2.75;0.78;0.02;0.21;0.92;3.08;12.03;7.33;USC00046136;39.2467;-121.0008;847.6;CA
USC00046144;2.95;2.92;2.34;1.02;0.48;0.11;-77.77;0.03;0.17;0.81;2.56;1.70;USC00046144;37.5147;-122.0325;3;CA
USC00046154;1.56;1.78;1.56;0.51;0.23;0.01;0.09;0.09;0.45;0.35;1.10;0.62;USC00046154;34.9456;-119.6828;658.4;CA
USC00046161;4.39;4.56;2.87;1.06;0.29;0.01;-77.77;0.01;0.23;0.61;2.64;1.53;USC00046161;34.3933;-118.5939;538;CA
USC00046168;2.62;2.18;1.77;0.63;0.44;0.05;-77.77;0.01;0.24;0.61;1.81;1.23;USC00046168;37.2811;-121.0178;27.4;CA
USC00046174;5.97;4.95;4.59;2.53;1.46;0.28;0.03;0.04;0.42;1.48;4.88;3.35;USC00046174;38.0047;-120.4864;292.6;CA
USC00046175;2.07;2.59;1.67;0.72;0.13;0.07;0.02;0.02;0.17;0.38;1.82;0.96;USC00046175;33.6025;-117.8803;3;CA
USC00046252;6.75;6.12;5.38;2.36;1.46;0.44;0.12;0.06;0.46;1.84;4.89;3.55;USC00046252;37.2328;-119.5097;806.2;CA
USC00046263;3.17;3.84;2.03;0.90;0.32;0.06;0.01;0.13;0.34;0.73;2.21;0.92;USC00046263;34.2447;-118.525;289;CA
USC00046336;4.71;4.50;3.39;1.42;0.77;0.12;-77.77;0.06;0.25;1.37;4.48;2.89;USC00046336;37.7983;-122.2642;9.1;CA
USC00046370;11.11;9.95;7.42;3.58;2.15;0.41;0.01;0.16;0.42;2.87;11.57;7.34;USC00046370;38.3858;-122.9661;263.7;CA
USC00046377;2.02;2.28;1.50;0.96;0.13;0.10;0.01;0.04;0.22;0.64;1.58;0.84;USC00046377;33.2097;-117.395;3;CA
USC00046386;0.61;0.93;0.67;0.18;0.12;0.06;0.24;1.14;0.34;0.25;0.52;0.25;USC00046386;33.1553;-116.1689;118.9;CA
USC00046399;5.02;5.22;3.33;1.22;0.47;0.10;0.03;0.05;0.20;0.98;2.94;1.70;USC00046399;34.4478;-119.2275;227.1;CA
USC00046498;9.97;9.41;8.89;5.52;3.35;1.66;0.30;0.39;0.90;4.16;12.80;9.02;USC00046498;41.3619;-124.0192;48.8;CA
USC00046506;4.83;4.00;3.27;1.37;1.02;0.41;0.03;0.09;0.37;1.17;3.79;2.66;USC00046506;39.7458;-122.1997;77.4;CA
USC00046508;8.89;7.49;6.28;3.73;2.33;0.90;0.19;0.32;0.88;3.44;10.91;8.06;USC00046508;41.3089;-123.5317;122.8;CA
USC00046521;5.69;4.87;4.47;2.31;1.12;0.33;-77.77;0.16;0.56;1.81;5.43;3.80;USC00046521;39.5178;-121.5531;52.1;CA
USC00046569;3.52;3.77;2.31;0.91;0.28;0.07;0.20;0.05;0.14;0.63;2.53;1.48;USC00046569;34.1981;-119.1753;14.9;CA
USC00046572;3.27;3.55;2.54;1.00;0.30;0.05;0.02;0.01;0.28;0.57;2.21;1.53;USC00046572;34.2067;-119.1375;15.8;CA
USC00046599;6.19;6.10;4.31;2.02;1.03;0.21;0.03;0.26;0.36;1.64;6.18;3.60;USC00046599;37.5917;-122.4717;144.8;CA
USC00046610;3.22;3.22;2.69;1.01;0.40;0.10;-77.77;0.01;0.20;0.72;2.63;1.86;USC00046610;36.715;-121.3492;275.8;CA
USC00046624;1.41;1.84;1.11;0.40;0.10;0.05;0.09;0.07;0.16;0.46;1.22;0.49;USC00046624;34.5883;-118.0939;794.3;CA
USC00046635;1.16;1.16;0.49;0.05;0.02;0.02;0.14;0.29;0.22;0.20;0.70;0.38;USC00046635;33.8275;-116.5097;129.5;CA
USC00046646;3.06;3.20;2.49;0.98;0.48;0.09;-77.77;0.03;0.15;0.76;2.95;1.96;USC00046646;37.4436;-122.1403;7.6;CA
USC00046657;5.88;6.61;4.75;1.91;0.55;0.17;0.37;0.77;0.51;1.23;4.97;2.48;USC00046657;33.3781;-116.84;1691.6;CA
USC00046685;10.35;10.06;8.24;4.22;2.30;0.75;0.04;0.16;0.88;3.00;11.17;6.96;USC00046685;39.7536;-121.6239;533.4;CA
USC00046699;0.98;0.98;0.79;0.19;0.07;0.01;0.39;0.63;0.62;0.43;0.68;0.39;USC00046699;34.2903;-114.1708;224.9;CA
USC00046719;4.54;5.12;3.38;1.37;0.40;0.22;0.05;0.11;0.41;1.01;3.13;1.50;USC00046719;34.1481;-118.1444;263.3;CA
USC00046730;3.30;3.23;2.78;0.89;0.31;0.03;0.01;0.04;0.21;0.72;2.41;1.27;USC00046730;35.6278;-120.6856;222.5;CA
USC00046773;1.24;1.56;0.92;0.34;0.09;0.04;0.18;0.19;0.17;0.36;1.19;0.45;USC00046773;34.5028;-117.8944;929.6;CA
USC00046826;4.93;5.32;3.79;1.63;0.87;0.17;0.01;0.06;0.21;1.43;4.94;3.29;USC00046826;38.2578;-122.6078;6.1;CA
USC00046926;3.48;3.38;3.11;1.19;0.52;0.07;0.04;0.04;0.23;0.86;2.78;1.54;USC00046926;36.4817;-121.1822;398.4;CA
USC00046943;3.04;3.83;3.04;1.14;0.41;0.07;0.03;0.07;0.14;0.87;2.73;1.52;USC00046943;35.1597;-120.6831;11.9;CA
USC00046960;6.93;6.72;6.06;3.16;1.74;0.45;0.02;0.09;0.72;2.12;6.98;5.02;USC00046960;38.6956;-120.8244;563.9;CA
USC00047050;3.11;4.59;2.63;1.20;0.23;0.09;-77.77;0.03;0.15;1.05;2.45;1.62;USC00047050;34.0817;-117.7658;317;CA
USC00047077;2.10;1.94;2.00;1.05;0.41;0.10;0.02;0.02;0.16;0.56;1.71;1.15;USC00047077;36.0678;-119.02;119.8;CA
USC00047085;4.06;3.87;3.36;1.37;0.96;0.52;0.28;0.28;0.60;1.27;4.09;2.59;USC00047085;39.8053;-120.4719;1478.3;CA
USC00047109;8.41;7.55;6.49;3.31;1.98;0.45;0.04;0.08;0.59;2.51;9.06;6.27;USC00047109;39.3619;-123.1286;310.3;CA
USC00047150;4.55;4.15;3.70;1.44;0.61;0.07;0.05;0.03;0.23;1.13;3.54;1.84;USC00047150;36.1883;-120.6953;701;CA
USC00047195;6.63;7.16;6.73;2.77;1.98;0.81;0.21;0.23;0.81;2.52;7.11;5.55;USC00047195;39.9367;-120.9475;1042.4;CA
USC00047228;2.91;3.33;2.96;1.12;0.31;0.08;0.07;0.10;0.22;0.69;2.07;1.53;USC00047228;33.0114;-116.9081;448.1;CA
USC00047253;1.35;1.71;1.12;0.35;0.11;0.04;0.16;0.20;0.23;0.49;0.94;0.56;USC00047253;35.3692;-117.6525;1088.1;CA
USC00047306;2.71;3.03;1.97;0.97;0.29;0.11;0.07;0.13;0.28;0.65;1.98;1.07;USC00047306;34.0528;-117.1894;401.7;CA
USC00047339;4.02;3.96;3.13;1.16;0.47;0.10;-77.77;0.05;0.16;1.06;3.84;2.37;USC00047339;37.4767;-122.2386;9.4;CA
USC00047404;12.34;11.25;9.24;4.79;2.41;0.76;0.04;0.21;0.80;3.57;14.48;8.91;USC00047404;40.0261;-123.7931;153.3;CA
USC00047414;4.83;4.80;3.37;1.47;0.75;0.20;-77.77;0.06;0.16;1.44;4.61;3.24;USC00047414;37.9192;-122.3772;6.1;CA
USC00047470;2.09;2.51;1.66;0.77;0.15;0.08;0.04;0.11;0.13;0.51;1.45;0.83;USC00047470;33.9511;-117.3881;256;CA
USC00047473;2.33;2.42;1.69;0.68;0.20;0.09;0.04;0.09;0.16;0.46;1.37;0.81;USC00047473;33.9669;-117.3614;300.5;CA
USC00047641;3.75;5.61;4.85;2.01;1.64;0.55;0.36;0.41;0.94;2.26;5.93;4.25;USC00047641;39.4317;-120.2406;1931.5;CA
USC00047643;6.94;7.36;5.11;1.98;1.30;0.16;-77.77;0.05;0.28;1.85;7.12;4.49;USC00047643;38.5067;-122.4714;68.6;CA
USC00047668;3.09;2.98;2.74;1.03;0.45;0.09;-77.77;0.04;0.19;0.64;2.44;1.76;USC00047668;36.6594;-121.6656;13.7;CA
USC00047689;8.12;7.71;7.16;4.05;2.61;0.80;0.14;0.06;1.01;3.14;7.80;6.29;USC00047689;38.5006;-120.2189;1127.8;CA
USC00047723;3.15;4.06;2.53;1.02;0.25;0.07;0.03;0.13;0.25;0.82;2.41;1.29;USC00047723;34.1344;-117.2539;347.5;CA
USC00047741;2.53;2.54;2.27;0.82;0.19;0.09;0.07;0.05;0.22;0.75;1.68;1.13;USC00047741;32.7672;-117.2258;4.6;CA
USC00047767;4.18;4.10;2.63;1.18;0.64;0.21;0.01;0.05;0.10;1.06;3.97;2.55;USC00047767;37.7281;-122.5053;2.4;CA
USC00047785;3.68;4.50;3.00;1.10;0.38;0.15;0.04;0.07;0.33;0.78;2.42;1.45;USC00047785;34.1061;-118.1;137.2;CA
USC00047807;5.79;5.84;4.57;2.12;1.01;0.33;0.09;0.14;0.30;1.53;5.54;3.52;USC00047807;37.3117;-122.3617;83.8;CA
USC00047813;2.69;2.69;1.92;0.80;0.40;0.09;0.18;0.17;0.32;0.61;1.74;0.90;USC00047813;33.7869;-116.9583;475.5;CA
USC00047821;3.07;3.11;2.54;1.18;0.51;0.10;0.02;0.02;0.18;0.80;2.61;1.68;USC00047821;37.3592;-121.9239;15.5;CA
USC00047836;3.01;3.45;2.18;0.90;0.23;0.10;0.08;0.06;0.21;0.58;2.14;1.05;USC00047836;33.5319;-117.5525;114.3;CA
USC00047846;2.09;2.10;1.60;0.56;0.50;0.05;-77.77;0.08;0.16;0.53;1.61;1.18;USC00047846;37.0533;-121.0578;84.4;CA
USC00047851;4.95;5.12;3.97;1.39;0.47;0.10;0.02;0.04;0.26;0.93;3.71;2.16;USC00047851;35.3039;-120.665;93.9;CA
USC00047874;2.65;3.13;2.44;1.05;0.25;0.09;0.08;0.05;0.20;0.65;2.09;1.34;USC00047874;33.0956;-116.9975;128;CA
USC00047880;6.95;7.10;4.59;1.91;0.89;0.14;-77.77;0.05;0.21;1.49;7.59;4.31;USC00047880;37.9983;-122.5372;36.6;CA
USC00047888;2.82;3.39;2.14;0.87;0.21;0.08;0.05;0.03;0.21;0.58;2.10;1.15;USC00047888;33.7442;-117.8667;41.1;CA
USC00047902;4.36;4.55;2.92;1.24;0.33;0.09;0.02;0.05;0.14;0.90;3.04;1.79;USC00047902;34.4167;-119.6844;1.5;CA
USC00047916;6.28;6.24;4.63;1.97;0.84;0.19;0.01;0.04;0.27;1.45;5.68;3.75;USC00047916;36.9906;-121.9911;39.6;CA
USC00047953;2.84;3.34;1.96;0.66;0.21;0.04;0.01;0.04;0.13;0.50;1.88;1.08;USC00047953;34.0075;-118.4997;4.3;CA
USC00047957;3.72;4.85;2.69;0.83;0.35;0.07;0.01;0.04;0.16;0.69;2.53;1.44;USC00047957;34.3119;-119.1331;72.2;CA
USC00047965;5.93;6.02;4.53;1.82;1.28;0.23;0.01;0.07;0.35;1.73;6.19;4.04;USC00047965;38.4381;-122.6978;53;CA
USC00048025;8.35;4.61;4.65;2.19;2.05;1.11;0.36;0.48;0.68;2.93;9.17;6.37;USC00048025;41.3011;-123.1331;661.1;CA
USC00048045;8.61;7.59;7.00;3.73;1.88;0.66;0.12;0.23;0.48;2.56;10.20;6.39;USC00048045;40.4831;-124.1036;41.5;CA
USW00094299;1.65;1.45;1.52;1.56;1.36;0.90;0.34;0.36;0.52;1.01;1.71;1.79;USW00094299;41.4914;-120.5644;1333.5;CA
USC00048135;10.84;11.33;9.48;4.75;3.23;1.37;0.20;0.25;1.00;3.68;12.06;7.63;USC00048135;40.7142;-122.4161;327.7;CA
USC00048163;10.02;8.75;7.79;4.63;2.98;1.34;0.21;0.63;0.88;4.02;12.71;8.03;USC00048163;40.0331;-124.0728;75;CA
USC00048200;0.65;0.99;0.69;0.26;0.20;0.04;0.26;0.32;0.27;0.22;0.56;0.37;USC00048200;35.9717;-116.2708;471.2;CA
USC00048207;10.67;13.12;9.43;4.55;3.19;0.92;0.17;0.32;1.26;4.95;11.79;9.01;USC00048207;39.5678;-120.6228;1292.4;CA
USC00048273;7.94;8.57;5.47;2.78;1.31;0.29;0.05;0.11;0.30;1.82;8.47;4.66;USC00048273;37.3133;-122.185;691.9;CA
USC00048351;6.02;5.95;4.39;1.78;1.06;0.19;-77.77;0.09;0.24;1.64;6.21;3.86;USC00048351;38.2994;-122.4622;29.6;CA
USC00048353;6.28;5.82;5.56;3.12;1.39;0.30;0.03;0.11;0.47;1.90;5.79;3.94;USC00048353;37.9672;-120.3872;510.5;CA
USC00048380;7.74;7.81;5.90;3.12;1.78;0.54;0.06;0.13;0.70;2.55;6.36;4.56;USC00048380;37.5072;-119.6331;1538.3;CA
USC00048490;12.46;10.93;9.54;5.32;2.73;0.81;0.19;0.35;0.78;4.15;14.43;9.44;USC00048490;39.8778;-123.7275;260;CA
USC00048560;3.41;3.10;2.68;1.41;0.56;0.10;-77.77;0.02;0.29;0.99;3.05;2.16;USC00048560;37.9994;-121.3178;3.7;CA
USC00048587;4.59;3.84;2.89;1.31;1.02;0.52;0.07;0.06;0.30;1.22;4.05;2.38;USC00048587;39.5858;-122.5339;243.8;CA
USC00048606;13.73;13.65;11.86;6.31;3.91;1.12;0.06;0.21;1.21;4.48;16.25;10.03;USC00048606;39.5631;-121.1078;1160.7;CA
USC00048655;2.24;3.29;1.65;0.90;0.32;0.04;0.04;0.22;0.10;0.42;1.30;0.59;USC00048655;33.7156;-117.19;432.8;CA
USC00048702;1.97;1.78;1.53;0.63;0.71;0.44;0.22;0.12;0.37;1.00;1.47;1.75;USC00048702;40.4167;-120.6631;1275.3;CA
USC00048713;6.02;5.52;5.03;2.67;1.49;0.35;0.02;0.06;0.56;1.96;5.49;3.96;USC00048713;38.3772;-120.8008;483.4;CA
USC00048752;1.02;1.33;1.08;0.57;0.31;0.04;0.03;0.04;0.29;0.54;0.55;0.56;USC00048752;35.1503;-119.43;235.6;CA
USC00048758;5.89;5.69;4.72;2.09;1.39;0.71;0.20;0.34;0.78;2.07;5.97;4.41;USC00048758;39.1678;-120.1428;1898.9;CA
USC00048826;1.57;1.96;2.08;0.80;0.46;0.11;0.12;0.20;0.10;0.74;1.81;1.39;USC00048826;35.1333;-118.45;1224.4;CA
USC00048829;2.47;2.85;2.02;0.78;0.34;0.08;0.23;0.14;0.20;0.53;2.35;1.44;USC00048829;35.1011;-118.4222;1286.3;CA
USW00023110;1.66;1.34;1.52;0.61;0.30;0.04;-77.77;0.02;0.18;0.49;1.17;0.58;USW00023110;36.3333;-119.95;70.7;CA
USW00023129;2.60;3.09;1.87;0.60;0.21;0.07;0.03;0.03;0.18;0.63;1.95;1.00;USW00023129;33.8117;-118.1464;9.4;CA
USC00048873;1.12;0.90;0.94;0.78;1.12;0.69;0.32;0.16;0.45;0.77;1.47;1.03;USC00048873;40.8667;-120.4333;1615.4;CA
USW00023130;1.81;3.23;2.50;0.87;0.33;0.08;0.02;0.06;0.24;0.66;2.23;0.99;USW00023130;34.2097;-118.4892;234.7;CA
USC00048904;3.88;4.20;2.45;0.84;0.34;0.06;0.02;0.06;0.18;0.74;2.38;1.39;USC00048904;34.1819;-118.8986;238.7;CA
USW00023136;3.47;3.71;2.65;0.79;0.31;0.05;0.02;0.04;0.18;0.63;2.06;1.31;USW00023136;34.2167;-119.0833;23.5;CA
USC00048917;4.70;4.49;4.20;2.23;0.91;0.31;0.09;0.02;0.48;1.26;3.72;2.66;USC00048917;36.465;-118.8619;347.5;CA
USW00023152;3.53;4.48;2.97;1.11;0.35;0.11;0.02;0.07;0.23;0.97;2.40;1.07;USW00023152;34.2006;-118.3575;225.9;CA
USC00048928;8.96;7.77;7.38;3.87;2.61;0.51;0.02;0.06;0.82;2.99;9.25;5.64;USC00048928;38.4461;-120.4992;717.8;CA
USC00048999;2.55;2.53;1.81;0.86;0.67;0.12;0.00;0.04;0.26;0.76;2.12;1.33;USC00048999;37.6819;-121.3467;41.1;CA
USW00023155;1.16;1.24;1.21;0.52;0.18;0.08;-77.77;0.04;0.08;0.30;1.02;0.64;USW00023155;35.4344;-119.0542;149;CA
USC00049001;2.50;2.40;1.78;0.79;0.50;0.10;-77.77;0.03;0.23;0.74;2.20;1.61;USC00049001;37.7967;-121.5828;18.6;CA
USW00023156;3.91;4.29;3.09;1.19;0.65;0.17;0.35;0.26;0.49;1.03;2.33;1.57;USW00023156;33.9286;-116.9814;789.7;CA
USC00049026;5.68;5.07;4.21;2.31;1.74;0.80;0.17;0.22;0.60;1.90;6.39;4.37;USC00049026;40.7264;-122.7947;567.2;CA
USW00023157;1.05;0.85;0.53;0.26;0.19;0.19;0.16;0.13;0.19;0.30;0.80;0.52;USW00023157;37.3711;-118.3581;1250.3;CA
USC00049035;0.71;0.95;0.44;0.11;0.06;0.06;0.09;0.26;0.14;0.17;0.55;0.34;USC00049035;35.7636;-117.3908;516.6;CA
USW00023158;0.49;0.59;0.50;0.09;0.03;0.01;0.27;0.53;0.41;0.17;0.49;0.25;USW00023158;33.6186;-114.7142;120.4;CA
USC00049043;5.14;4.98;4.35;2.16;1.30;0.73;0.28;0.43;0.87;1.82;5.35;3.83;USC00049043;39.3331;-120.173;1774.9;CA
USC00049053;1.51;1.19;1.15;1.04;1.09;0.80;0.32;0.36;0.48;0.80;1.42;1.35;USC00049053;41.96;-121.4744;1229.9;CA
USC00049073;2.47;2.29;1.93;0.87;0.52;0.06;-77.77;0.01;0.25;0.68;2.03;1.32;USC00049073;37.5006;-120.855;35.1;CA
USW00023161;0.60;0.66;0.50;0.17;0.05;0.06;0.46;0.26;0.21;0.18;0.57;0.34;USW00023161;34.8536;-116.7858;584.3;CA
USC00049087;2.88;3.52;2.22;0.92;0.26;0.09;0.01;0.07;0.23;0.66;2.16;1.29;USC00049087;33.7025;-117.7539;71.6;CA
USC00049099;0.52;0.59;0.45;0.13;0.09;0.01;0.48;0.81;0.40;0.20;0.58;0.20;USC00049099;34.1281;-116.0369;602;CA
USC00049105;7.08;7.84;6.32;3.41;2.72;0.97;0.44;0.62;1.16;2.93;7.48;6.04;USC00049105;38.7086;-120.0403;2438.4;CA
USC00049111;4.07;3.53;3.16;1.41;0.41;0.08;0.02;0.02;0.20;0.88;2.87;1.54;USC00049111;34.9881;-120.3211;177.4;CA
USW00023174;2.71;3.25;1.85;0.70;0.22;0.08;0.03;0.05;0.21;0.56;2.05;1.11;USW00023174;33.9381;-118.3889;29.6;CA
USC00049122;7.41;6.99;5.42;2.62;1.49;0.37;0.02;0.09;0.43;2.11;7.91;5.07;USC00049122;39.1467;-123.2103;193.9;CA
USC00049152;3.99;5.07;2.84;0.97;0.31;0.11;0.02;0.05;0.25;0.91;2.75;1.36;USC00049152;34.0697;-118.4428;131.1;CA
USW00023179;0.72;0.78;0.54;0.22;0.09;0.03;0.16;0.48;0.43;0.26;0.51;0.40;USW00023179;34.7675;-114.6189;271.3;CA
USW00023182;1.57;1.72;1.22;0.47;0.25;0.09;0.10;0.14;0.29;0.60;1.15;0.70;USW00023182;34.6294;-118.0836;769.3;CA
USC00049200;5.33;5.23;3.53;1.30;0.74;0.10;-77.77;0.06;0.27;1.20;5.23;3.13;USC00049200;38.3956;-121.9608;33.5;CA
USC00049325;1.09;1.22;0.88;0.35;0.14;0.05;0.19;0.20;0.18;0.36;1.02;0.47;USC00049325;34.535;-117.3058;871.1;CA
USW00023187;2.41;3.24;1.73;0.63;0.41;0.06;0.02;0.03;0.17;0.60;2.25;0.78;USW00023187;34.7436;-118.7242;1374.6;CA
USW00023188;1.98;2.27;1.81;0.78;0.12;0.07;0.03;0.02;0.15;0.57;1.53;1.01;USW00023188;32.7336;-117.1831;4.6;CA
USC00049351;2.18;2.01;1.73;0.87;0.83;0.61;0.30;0.29;0.54;0.97;2.30;1.66;USC00049351;39.8056;-120.1858;1508.8;CA
USW00023190;3.50;3.96;3.18;1.00;0.34;0.07;0.03;0.12;0.26;0.81;2.94;1.55;USW00023190;34.4258;-119.8425;2.7;CA
USC00049367;1.91;1.85;1.99;0.94;0.35;0.14;0.01;0.01;0.15;0.61;1.74;1.23;USC00049367;36.3283;-119.2992;99.1;CA
USW00023191;2.83;3.06;2.05;0.71;0.21;0.22;0.06;0.05;0.21;0.64;2.46;1.23;USW00023191;33.405;-118.4158;488.3;CA
USC00049378;2.67;2.98;2.20;0.99;0.19;0.10;0.06;0.05;0.22;0.63;1.80;1.25;USC00049378;33.2294;-117.2269;155.4;CA
USW00003102;3.31;3.39;2.32;0.94;0.30;0.12;0.09;0.13;0.27;0.64;2.32;1.21;USW00003102;34.0561;-117.6003;289.3;CA
USW00023213;7.05;6.40;4.98;2.09;1.33;0.24;0.01;0.08;0.35;2.03;7.03;4.69;USW00023213;38.5039;-122.8103;34.7;CA
USC00049440;8.75;8.24;6.90;2.68;1.40;0.23;0.01;0.10;0.37;2.05;10.09;5.29;USC00049440;38.7161;-122.9975;68.3;CA
USW00003104;0.67;0.66;0.38;0.06;0.03;0.02;0.14;0.19;0.24;0.23;0.35;0.23;USW00003104;33.6267;-116.1594;-36;CA
USW00023225;9.87;10.56;9.40;4.76;3.71;1.20;0.09;0.28;1.03;3.87;11.46;8.39;USW00023225;39.2775;-120.7103;1608.1;CA
USC00049452;1.29;1.30;1.40;0.65;0.20;0.12;0.01;0.03;0.09;0.47;1.05;0.65;USC00049452;35.5892;-119.3519;88.7;CA
USW00003122;3.26;3.79;2.22;0.76;0.22;0.07;0.05;0.02;0.16;0.62;2.09;1.19;USW00003122;33.8017;-118.3411;27.4;CA
USW00023230;3.99;3.95;3.08;1.34;0.68;0.18;0.01;0.05;0.22;1.20;3.66;2.45;USW00023230;37.7214;-122.2208;1.8;CA
USC00049473;4.46;4.68;3.63;1.69;0.60;0.11;0.01;0.02;0.21;1.10;4.25;2.74;USC00049473;36.9308;-121.7692;29;CA
USW00023232;3.64;3.47;2.75;1.15;0.68;0.21;-77.77;0.05;0.29;0.95;3.25;2.08;USW00023232;38.5069;-121.495;4.6;CA
USC00049490;6.47;5.84;4.85;2.51;1.81;0.80;0.26;0.17;0.60;2.27;7.87;5.41;USC00049490;40.7222;-122.9331;599.8;CA
USW00003131;2.68;2.31;2.21;0.86;0.20;0.09;0.06;0.05;0.21;0.76;1.63;1.45;USW00003131;32.8158;-117.1394;127.1;CA
USW00023233;2.60;2.49;2.26;0.93;0.35;0.09;-77.77;0.03;0.17;0.58;1.93;1.40;USW00023233;36.6636;-121.6081;22.6;CA
USW00003144;0.48;0.45;0.36;0.07;0.07;0.03;0.19;0.41;0.31;0.33;0.54;0.20;USW00003144;32.8342;-115.5786;-17.7;CA
USW00023234;4.19;4.06;2.96;1.29;0.47;0.11;-77.77;0.04;0.17;0.95;4.03;2.38;USW00023234;37.6197;-122.3647;2.4;CA
USC00049621;11.12;11.30;10.04;4.68;3.40;1.24;0.19;0.13;0.93;3.16;11.48;7.98;USC00049621;40.6117;-122.5281;394.7;CA
USW00023237;2.74;2.54;2.16;0.98;0.53;0.08;-77.77;0.01;0.29;0.82;2.22;1.69;USW00023237;37.8892;-121.2258;7.9;CA
USW00003154;2.86;2.94;2.46;1.03;0.28;0.10;0.10;0.10;0.23;0.66;2.11;1.24;USW00003154;33.3;-117.35;22.9;CA
USW00023239;4.21;4.10;2.74;1.18;0.72;0.15;0.01;0.04;0.19;0.94;4.00;2.50;USW00023239;37.7333;-122.3167;4.9;CA
USC00049671;0.93;1.20;0.94;0.31;0.29;0.12;0.32;0.68;0.30;0.25;0.88;0.46;USC00049671;36.2656;-117.1853;1249.7;CA
USW00003159;1.50;1.78;1.14;0.35;0.09;0.05;0.09;0.10;0.15;0.44;1.15;0.54;USW00003159;34.7411;-118.2117;712.6;CA
USW00023244;2.75;3.07;2.26;0.98;0.47;0.10;0.02;0.01;0.18;0.64;2.56;1.64;USW00023244;37.4058;-122.0481;11.9;CA
USW00023254;3.27;3.34;2.37;1.12;0.54;0.09;-77.77;0.02;0.16;0.87;3.14;1.54;USW00023254;37.9917;-122.055;5.5;CA
USC00049684;9.26;8.23;6.66;3.24;1.90;0.53;0.06;0.08;0.54;2.75;10.25;7.18;USC00049684;39.4194;-123.3425;412.4;CA
USW00023257;2.61;2.34;2.07;0.95;0.58;0.13;0.01;0.01;0.29;0.81;1.52;1.18;USW00023257;37.2847;-120.5128;46.3;CA
USC00049694;10.16;7.75;7.02;3.81;2.50;0.94;0.22;0.31;0.69;2.86;11.76;7.46;USC00049694;40.9467;-123.6364;141.4;CA
USW00003164;2.98;3.23;2.69;0.96;0.18;0.11;0.32;0.70;0.34;0.82;2.27;1.13;USW00003164;32.6233;-116.4728;801.6;CA
USW00023258;2.61;2.38;2.04;0.97;0.63;0.12;-77.77;0.02;0.26;0.68;2.04;1.36;USW00023258;37.6242;-120.9506;22.3;CA
USC00049699;4.70;4.05;3.21;1.50;1.07;0.42;0.04;0.12;0.44;1.27;3.87;2.84;USC00049699;39.5231;-122.3058;71;CA
USW00003166;3.03;3.25;2.16;0.87;0.25;0.09;0.04;0.05;0.24;0.75;2.05;1.10;USW00003166;33.8719;-117.9789;29.3;CA
USW00023259;3.17;3.07;2.76;1.12;0.50;0.10;0.01;0.04;0.20;0.93;2.34;1.88;USW00023259;36.5881;-121.8453;50.3;CA
USC00049742;5.02;4.77;3.35;1.31;0.76;0.12;0.01;0.03;0.24;1.03;4.65;2.84;USC00049742;38.5228;-121.9683;41.1;CA
USW00003167;2.94;3.32;2.25;0.77;0.25;0.07;0.03;0.04;0.21;0.72;2.13;1.16;USW00003167;33.9228;-118.3342;19.2;CA
USW00023271;3.97;3.69;3.02;1.30;0.76;0.19;-77.77;0.03;0.35;1.05;3.48;2.43;USW00023271;38.5556;-121.4169;11.6;CA
USC00049781;4.48;4.06;2.99;1.34;0.63;0.17;-77.77;0.06;0.40;1.09;3.67;2.45;USC00049781;38.6828;-121.7942;21;CA
USW00023272;4.50;4.46;3.26;1.46;0.70;0.16;-77.77;0.06;0.21;1.12;4.56;3.16;USW00023272;37.7706;-122.4269;45.7;CA
USC00049785;4.16;4.71;2.88;0.93;0.32;0.09;0.02;0.07;0.23;0.83;2.00;1.29;USC00049785;34.1819;-118.5744;240.8;CA
USW00003171;2.94;3.04;2.01;0.80;0.30;0.10;0.07;0.08;0.25;0.28;1.53;1.00;USW00003171;33.9519;-117.4386;245.4;CA
USW00023273;2.75;2.99;2.64;0.98;0.31;0.04;0.03;0.02;0.14;0.60;2.12;1.33;USW00023273;34.8994;-120.4486;73.8;CA
USC00049792;5.98;6.03;4.29;1.85;0.76;0.15;0.01;0.06;0.17;1.14;5.47;3.70;USC00049792;37.4286;-122.2567;115.8;CA
USW00003177;2.51;2.44;1.68;1.02;0.18;0.11;0.10;0.09;0.25;0.63;1.71;1.12;USW00003177;33.1281;-117.2794;100;CA
USW00023275;7.01;6.54;5.52;2.55;1.42;0.34;0.04;0.10;0.45;2.16;6.95;4.27;USW00023275;39.1258;-123.2008;183.2;CA
USC00049822;4.36;4.99;2.92;0.97;0.69;0.08;0.52;0.49;0.38;1.32;4.27;1.62;USC00049822;34.3617;-117.6386;1828.8;CA
USW00003178;2.48;2.16;2.45;0.94;0.21;0.15;0.09;0.10;0.23;0.49;1.92;1.15;USW00003178;32.5722;-116.9794;157;CA
USW00023277;3.81;4.24;2.78;1.17;0.63;0.12;0.02;0.05;0.23;0.92;4.20;2.10;USW00023277;36.9358;-121.7886;48.8;CA
USC00049847;3.59;3.40;2.55;0.89;0.34;0.10;0.03;0.05;0.21;0.66;2.26;1.38;USC00049847;33.89;-117.8189;106.7;CA
USW00003179;3.08;2.88;2.19;1.03;0.26;0.11;0.07;0.07;0.26;0.71;1.66;0.97;USW00003179;33.9753;-117.6361;198.1;CA
USW00023285;3.01;3.03;2.20;1.00;0.62;0.04;-77.77;0.01;0.22;0.92;2.68;1.98;USW00023285;37.6928;-121.8144;119.8;CA
USC00049855;6.54;6.66;5.15;2.79;1.66;0.65;0.38;0.11;0.65;2.11;5.45;4.58;USC00049855;37.75;-119.5897;1224.7;CA
USW00023293;2.99;3.32;2.04;1.06;0.39;0.09;-77.77;-77.77;0.23;0.78;2.12;1.88;USW00023293;37.3592;-121.9239;15.5;CA
USC00049859;6.26;6.84;4.76;1.86;1.23;0.16;0.00;0.06;0.33;1.48;6.78;4.03;USC00049859;38.395;-122.3567;29;CA
USC00049866;3.13;2.31;1.63;1.21;1.31;0.92;0.55;0.36;0.50;1.13;3.98;2.92;USC00049866;41.7036;-122.6408;800.1;CA
USW00024213;6.50;5.63;5.30;3.32;1.78;0.75;0.18;0.31;0.59;2.24;8.12;5.61;USW00024213;40.8097;-124.1603;6.1;CA
USW00024215;7.06;7.23;5.96;2.93;2.22;1.20;0.39;0.34;0.67;2.28;7.85;5.08;USW00024215;41.3325;-122.3328;1077.5;CA
USW00024216;5.02;4.06;3.20;1.56;1.22;0.47;0.11;0.13;0.50;1.21;4.16;2.85;USW00024216;40.1519;-122.2536;107.6;CA
USW00024257;5.96;5.51;4.37;2.48;1.85;0.69;0.09;0.18;0.64;2.10;6.27;4.48;USW00024257;40.5175;-122.2986;151.5;CA
USW00004222;6.16;9.41;7.75;3.76;2.31;1.26;0.43;0.48;0.87;2.91;7.26;5.15;USW00004222;40.6508;-122.6067;432.2;CA
USW00024259;2.20;2.01;2.31;1.56;1.42;0.71;0.45;0.34;0.64;1.20;2.66;2.97;USW00024259;41.7806;-122.4717;803.1;CA
