STNID,M1,M2,M3,M4,M5,M6,M7,M8,M9,M10,M11,M12,_ID,_LATITUDE,_LONGITUDE,_ELEVATION,_STATE
USC00040029,-4.3770,-2.9020,-1.4830,0.2990,3.6750,6.1960,9.6430,8.8190,5.8260,1.2930,-2.7000,-5.5120,USC00040029,41.1936,-120.9447,1279,CA
USC00040136,6.8540,7.1690,7.5940,8.7440,10.8930,12.8660,15.9930,18.4150,16.5500,12.9040,8.7230,6.4550,USC00040136,32.8358,-116.7775,517,CA
USC00040161,-7.6970,-5.4910,-3.7540,-1.7690,1.3280,4.1600,6.0410,4.7240,1.9390,-2.7560,-5.3580,-7.8920,USC00040161,41.4931,-120.5528,1341,CA
USC00040192,8.9460,9.3060,10.1120,11.7090,14.0080,15.7420,17.6060,18.1640,16.9880,14.2930,10.5080,8.1070,USC00040192,33.8647,-117.8425,102,CA
USC00040212,3.9780,4.6050,4.9390,5.9760,8.1100,10.4760,12.3490,12.5530,12.1610,9.7930,5.7090,3.9130,USC00040212,38.5731,-122.4406,523,CA
USC00040232,4.4910,6.6500,7.5050,9.4230,11.7160,14.0790,15.0570,15.0200,14.1860,11.6780,7.3850,3.5340,USC00040232,37.9856,-121.7458,18,CA
USC00040343,1.7010,3.3870,4.3190,5.7290,9.7500,13.8180,17.3080,17.4850,14.5800,9.6690,4.5030,1.2400,USC00040343,36.4914,-118.8253,521,CA
USC00040379,2.3090,4.0240,5.2740,6.9120,10.6300,14.5200,18.7120,18.8550,16.2190,11.0140,5.1750,1.9950,USC00040379,37.0919,-119.5128,637,CA
USC00040383,4.1090,5.6520,6.5750,7.7340,11.0220,14.2040,17.1030,17.2450,15.8420,11.6470,6.8500,3.4710,USC00040383,38.9072,-121.0839,394,CA
USC00040436,2.6070,6.2230,8.4400,10.5000,16.8480,21.6090,24.6260,24.9650,20.1140,11.5710,4.9210,1.3670,USC00040436,35.2761,-116.0628,293,CA
USC00040449,3.3250,4.5120,5.7980,7.4890,11.4490,14.6480,18.9780,19.8150,16.8100,11.7960,6.4090,2.9870,USC00040449,36.9092,-119.0883,524,CA
USC00040521,1.6310,4.4130,6.4420,9.9570,13.1020,16.8440,20.6920,20.4360,16.6980,10.8310,5.1430,0.6990,USC00040521,34.8928,-117.0219,677,CA
USC00040673,3.2980,4.4000,4.6190,5.2850,7.4670,8.8970,10.3490,10.0200,9.2750,6.4150,3.8860,2.1210,USC00040673,37.0856,-122.0797,128,CA
USC00040693,6.2420,7.4680,7.7290,8.2700,9.9250,10.7930,11.7890,12.5580,12.1280,11.3200,8.1410,6.1090,USC00040693,37.8744,-122.2606,95,CA
USC00040738,2.3510,2.7170,3.1060,4.1940,6.8730,9.0900,11.1230,10.6990,8.8540,4.5110,4.0800,1.9640,USC00040738,40.7406,-123.2078,382,CA
USC00040741,-5.2370,-4.8110,-3.8540,-1.6620,1.9380,4.8700,8.3420,8.7120,5.3240,0.0860,-3.6560,-5.8360,USC00040741,34.2442,-116.9039,2060,CA
USC00040790,6.1450,6.4250,6.4160,6.2790,7.5950,8.6530,10.2680,9.7990,9.9170,8.6390,6.7510,5.5300,USC00040790,36.2472,-121.7803,61,CA
USC00040924,4.7400,7.1400,9.2760,12.1750,17.1420,20.6670,24.6680,25.4370,21.5220,13.6570,7.0610,3.7960,USC00040924,33.6131,-114.5972,82,CA
USC00040931,-10.1950,-8.6100,-6.7460,-5.2140,-1.3920,0.4250,2.5980,1.4690,-1.1810,-4.6270,-7.5580,-10.6950,USC00040931,39.3886,-120.0936,1699,CA
USC00040943,-14.5060,-14.2520,-11.9170,-8.3740,-4.8270,-2.2040,0.2640,-0.5190,-3.9230,-8.2910,-12.3270,-15.5440,USC00040943,38.2119,-119.0142,2551,CA
USC00040983,6.9790,8.0490,9.6260,11.8880,15.3910,19.2010,22.9700,24.0690,20.9110,15.2860,9.0620,6.1340,USC00040983,33.2314,-116.4144,245,CA
USC00041018,-0.9280,-1.4350,-0.8190,0.9980,4.5100,8.0110,11.9860,12.2580,10.5420,5.9970,1.5450,-1.2590,USC00041018,39.4539,-120.6556,1641,CA
USC00041048,5.2070,7.2270,8.9890,11.8090,15.5990,19.1670,23.1150,25.1650,21.6070,14.6430,7.6100,4.6000,USC00041048,32.9544,-115.5581,-31,CA
USC00041072,-12.3340,-11.2160,-7.6580,-5.1000,-1.4540,1.8920,4.0740,3.8050,-0.3270,-5.1650,-9.4260,-13.1700,USC00041072,38.2575,-119.2286,1972,CA
USC00041214,-6.5930,-3.4450,-3.2360,-1.6640,2.4010,4.5740,5.1600,4.3930,2.7370,-2.1240,-3.8860,-6.5550,USC00041214,40.8803,-121.6547,975,CA
USC00041244,3.5220,6.1280,7.6400,8.8270,12.7440,15.8050,18.5200,17.7040,14.9790,9.7140,4.8200,1.4590,USC00041244,35.4047,-119.4731,82,CA
USC00041253,3.7990,5.1140,5.3910,5.9810,8.1220,9.2280,11.0120,11.1250,10.2180,8.1870,5.2810,2.8990,USC00041253,34.5825,-119.9817,239,CA
USC00041277,-1.1370,-0.9820,-0.5700,0.9810,4.5160,7.9660,11.3920,11.4710,9.1840,5.0850,0.5760,-1.5230,USC00041277,38.2769,-120.3114,1431,CA
USC00041312,2.9890,4.4120,4.6700,5.7610,8.5540,10.5580,11.3950,11.3190,10.2310,7.2190,4.4450,1.7210,USC00041312,38.5961,-122.6014,122,CA
USC00041316,-3.4390,-1.9920,-1.0880,0.2000,3.4210,5.1900,8.7050,7.7690,5.2000,0.8950,-1.8330,-3.7670,USC00041316,41.3111,-122.8045,971,CA
USC00041428,4.5900,6.4160,7.2010,8.1140,10.8050,13.6560,16.1120,16.4180,15.1960,11.5400,7.5380,4.0680,USC00041428,38.2486,-120.8433,201,CA
USC00041476,-6.2930,-4.3840,-2.7590,-0.9030,2.4250,5.1880,7.8740,6.5950,3.3820,-2.2520,-4.0730,-7.1460,USC00041476,41.4219,-120.9017,1314,CA
USC00041484,4.2050,5.4480,5.7980,7.4770,9.4730,11.7260,13.7540,14.2610,12.5480,9.1560,5.2010,3.6900,USC00041484,34.1819,-118.5744,241,CA
USC00041497,-4.2430,-3.2380,-2.3230,-0.5690,2.9850,6.1530,9.0250,8.1270,5.7690,1.6400,-1.9950,-4.6860,USC00041497,40.1703,-121.0883,1390,CA
USC00041606,-0.9110,-0.1840,0.5290,2.1740,5.2920,7.3090,10.3240,9.4180,6.8600,2.5920,0.2320,-1.3140,USC00041606,41.1417,-123.1392,704,CA
USC00041614,-5.7320,-3.9060,-1.9290,0.3210,4.6550,7.9040,11.9390,10.7190,6.2430,0.6240,-3.4450,-6.6260,USC00041614,41.5306,-120.1803,1409,CA
USC00041697,-0.5930,-0.4680,0.2190,2.1050,5.8660,9.5000,13.1350,13.3260,10.8670,6.3950,1.8040,-0.5940,USC00041697,37.9747,-119.9161,1452,CA
USC00041700,-5.5270,-4.5910,-3.3530,-1.3060,2.2550,5.2330,8.1790,7.0000,4.1900,0.2090,-3.2890,-5.9340,USC00041700,40.3033,-121.2422,1381,CA
USC00041715,2.8210,4.5080,5.4480,7.2550,10.7170,13.3500,15.4430,14.1740,12.5410,7.9720,4.4650,1.8200,USC00041715,39.6911,-121.8211,56,CA
USC00041758,7.9520,9.2210,10.3530,11.7970,14.4510,15.9760,17.8130,18.7380,17.6190,14.1740,9.5280,6.9990,USC00041758,32.64,-117.0858,17,CA
USC00041806,0.7200,1.8990,2.1260,4.0570,7.1330,10.3100,12.5540,11.5640,9.4770,5.9540,1.9390,-0.1870,USC00041806,38.9239,-122.5672,411,CA
USC00041838,3.7140,4.9740,6.1000,7.6250,10.5660,13.4580,13.4370,13.3820,12.7570,10.3140,5.6720,2.8260,USC00041838,38.8,-123.0175,101,CA
USC00041864,3.4040,5.4280,6.5840,8.2990,12.0860,15.4630,18.5380,18.1180,15.3270,10.1860,5.0480,1.7080,USC00041864,36.1356,-120.3606,204,CA
USC00041912,2.1580,3.2920,3.7440,5.4600,8.8270,12.2470,15.1810,14.7700,12.6260,8.3480,3.7360,1.5280,USC00041912,39.0911,-120.9481,725,CA
USC00041948,4.3720,6.4030,7.0740,8.3500,12.0880,14.4030,15.3070,14.2690,12.4720,8.8340,5.5200,3.2960,USC00041948,39.1875,-122.0269,15,CA
USC00041967,5.3580,7.0120,7.9640,9.4550,11.6330,13.3420,14.3480,14.7650,13.8890,11.5130,7.3080,4.5650,USC00041967,37.9833,-122.0692,12,CA
USC00042012,3.0090,4.9610,6.3010,7.7710,11.3040,14.0690,16.6660,16.3460,14.0760,9.3300,4.3430,1.3400,USC00042012,36.0975,-119.5817,61,CA
USC00042081,0.4210,1.6420,2.4030,3.4710,6.3630,8.6530,11.1180,9.6500,7.5150,3.7990,1.6110,-0.5800,USC00042081,39.8158,-123.2444,431,CA
USC00042147,4.5430,4.9530,4.7340,5.7960,7.6320,8.5600,10.1560,10.4070,9.2010,7.0870,5.3550,3.5130,USC00042147,41.7958,-124.2147,13,CA
USC00042214,8.8380,9.4080,9.7530,11.4820,13.6190,15.2840,16.7150,17.2890,16.5270,13.8390,9.9900,8.3910,USC00042214,34.0053,-118.4136,21,CA
USC00042239,-1.5730,-0.6810,-0.1760,1.3820,4.8340,7.7160,11.6650,12.3890,8.4480,3.3610,-0.4470,-2.3400,USC00042239,32.9897,-116.5872,1414,CA
USC00042294,4.1890,5.8520,6.5390,8.3030,10.7070,12.8180,13.7320,13.3580,12.6500,9.5800,5.8980,3.0180,USC00042294,38.535,-121.7761,18,CA
USC00042319,4.9940,8.9980,12.9310,16.7050,22.2300,26.6450,30.4560,30.0730,24.1400,16.4580,8.1440,4.0460,USC00042319,36.4622,-116.8669,-59,CA
USC00042331,-6.7000,-3.4350,-0.7110,2.4980,7.0690,11.1840,14.8450,13.4940,9.4210,3.3260,-3.8830,-7.8680,USC00042331,37.3739,-117.9803,1593,CA
USC00042338,1.4120,0.7250,1.9900,2.5070,6.9150,10.1760,14.5930,14.5590,13.0630,7.9930,3.6230,0.5460,USC00042338,39.3,-120.8333,1358,CA
USC00042402,0.2430,1.3690,2.3280,3.9640,7.2020,10.3990,13.3200,12.8670,10.6370,6.6140,2.2220,0.0720,USC00042402,39.8717,-121.6108,826,CA
USC00042456,1.2390,2.3250,3.0460,4.0930,7.4280,9.9200,12.5100,11.9600,10.0240,6.1850,2.1110,0.2990,USC00042456,39.3575,-121.2011,500,CA
USC00042467,-7.9140,-6.7790,-5.5290,-3.7290,0.2820,2.5840,5.0760,4.8930,2.2010,-1.9430,-5.2410,-8.6930,USC00042467,39.3239,-120.2331,1810,CA
USC00042500,-1.1840,-0.4010,0.3460,1.5170,4.8330,7.2110,9.3570,8.9890,6.9880,3.4010,-0.0310,-1.5370,USC00042500,39.5633,-120.8239,889,CA
USC00042506,-4.3490,-2.0510,-0.5350,0.9040,4.1550,6.6720,9.5090,8.7820,5.9990,1.4560,-2.4490,-5.1370,USC00042506,39.9717,-120.0828,1338,CA
USC00042574,-0.1890,0.2270,1.3560,2.7380,6.6600,9.7120,12.0300,10.4640,8.1490,4.3170,1.4160,-0.5420,USC00042574,41.1833,-122.2736,661,CA
USC00042598,8.0780,10.3110,12.4770,15.8620,20.6560,24.8080,27.9670,28.1340,24.5130,18.4320,11.4780,7.7400,USC00042598,33.8089,-115.4508,297,CA
USC00042640,0.3890,1.7780,2.9410,4.8090,8.2350,11.2960,14.2110,12.8120,10.3680,6.4260,2.4710,-0.5570,USC00042640,39.3592,-122.5178,367,CA
USC00042671,-4.2110,-4.6420,-4.1760,-2.8980,1.0410,5.1060,9.3570,9.3890,7.1670,1.9050,-2.5670,-5.1540,USC00042671,38.7833,-120.0333,2240,CA
USC00042706,5.8450,7.3360,8.4460,10.0460,13.1990,14.7990,16.9690,17.9970,16.4350,12.6680,7.3360,4.7840,USC00042706,32.8139,-116.975,123,CA
USC00042709,5.7880,6.7370,7.3420,8.1190,10.5870,11.7200,13.6250,13.5930,13.4690,11.0650,7.0190,5.5510,USC00042709,32.8839,-116.8164,183,CA
USC00042713,6.2050,8.4620,10.3060,13.2600,17.1930,20.6390,24.5300,25.9250,22.5120,15.7580,9.1350,5.3530,USC00042713,32.7669,-115.5617,-9,CA
USC00042728,0.8200,2.2690,3.6780,4.4390,7.8430,9.3210,12.7040,11.6780,9.5900,6.5510,2.7450,0.2010,USC00042728,38.3306,-120.6706,218,CA
USC00042771,0.8090,2.0400,3.5510,5.7550,10.1980,13.4580,16.4130,16.2520,13.0520,7.6520,1.9410,-0.9560,USC00042771,34.5892,-117.6303,899,CA
USC00042805,4.1850,5.4240,6.3380,7.9590,11.4310,13.2850,16.2460,17.2710,14.9560,10.8050,5.7350,3.1400,USC00042805,33.6692,-117.3319,392,CA
USC00042863,6.4290,7.4740,8.3810,10.1360,12.8950,14.6330,16.6090,17.6900,16.2730,12.6850,7.7710,5.1290,USC00042863,33.1211,-117.0883,183,CA
USC00042934,4.7380,6.2550,7.2890,8.7410,10.9300,12.8030,13.9450,14.1400,13.1250,10.7200,6.9550,3.7110,USC00042934,38.2736,-122.0678,12,CA
USC00042941,3.3100,4.4390,5.8090,7.6600,11.0610,15.1520,18.6670,19.4470,16.4130,11.4360,5.8610,2.5040,USC00042941,34.705,-118.4242,933,CA
USC00043083,4.8170,5.8690,6.8990,8.5880,12.5420,14.2520,17.1270,16.5970,14.6810,10.2890,6.1890,3.2090,USC00043083,36.3642,-120.1561,87,CA
USC00043113,4.1690,6.3440,7.2390,8.4050,11.3980,13.8300,15.6020,15.4300,14.5530,11.6480,7.0450,3.6850,USC00043113,38.7,-121.1667,107,CA
USC00043157,-4.8480,-3.2010,-1.0180,1.0750,4.7880,7.2500,10.7150,10.1710,6.6190,1.9670,-2.0620,-5.4350,USC00043157,41.52,-120.09,1442,CA
USC00043161,4.6580,5.2660,5.1100,5.9200,7.5050,8.5310,9.5530,9.7920,9.3430,7.6650,5.6700,3.8980,USC00043161,39.5092,-123.7567,38,CA
USC00043191,6.0650,6.4420,6.1310,6.1770,7.2840,8.1180,8.9880,9.0130,9.1740,8.5180,6.8740,5.5410,USC00043191,38.515,-123.2447,34,CA
USC00043244,5.8610,7.1240,8.0090,9.0610,11.0470,12.4610,13.3820,13.6370,12.8440,10.8160,7.4140,5.3260,USC00043244,37.5422,-122.0158,12,CA
USC00043256,3.7800,6.1120,7.7500,9.2880,12.9760,15.9190,18.8210,18.6860,16.2790,11.7270,6.2540,3.2640,USC00043256,36.7525,-119.7017,100,CA
USC00043261,4.0190,5.5630,6.2420,5.9900,9.5390,12.4290,15.5130,15.3170,13.7920,9.7440,5.1400,2.5140,USC00043261,36.9969,-119.7072,125,CA
USC00043417,4.1710,5.7890,6.4450,7.5930,9.7850,10.9560,12.2050,12.5480,11.4310,8.8060,5.5190,2.6290,USC00043417,37.0067,-121.5633,59,CA
USC00043463,-1.1920,0.4280,1.0290,1.7400,4.9730,7.3870,10.5780,10.4470,7.8160,3.4090,0.0540,-2.3280,USC00043463,35.7269,-118.7006,957,CA
USC00043489,8.6890,9.8680,10.7650,13.7690,17.8450,21.5880,26.3320,27.1290,23.7060,17.2900,10.8040,8.3200,USC00043489,32.8833,-114.8667,148,CA
USC00043551,-2.7910,-2.7650,-2.2340,-0.7990,3.2880,7.0640,11.0930,11.0690,8.5650,4.4990,-0.1500,-2.4390,USC00043551,36.7394,-118.9631,2012,CA
USC00043573,1.1270,2.0180,2.8710,4.4610,7.7030,10.6360,13.3080,12.7970,10.7350,6.3870,2.7160,0.3810,USC00043573,39.2042,-121.0681,732,CA
USC00043578,3.2520,4.4070,4.6570,5.3300,7.2250,8.3590,9.6340,9.1290,8.6760,6.0470,3.9470,1.6030,USC00043578,38.4306,-122.8647,61,CA
USC00043647,4.0090,4.6030,4.9230,5.9920,8.7360,9.7530,11.4250,11.3370,9.6260,6.9890,4.5890,2.9370,USC00043647,40.4864,-123.9089,126,CA
USC00043669,-0.5070,0.4010,0.7080,3.1470,6.4820,9.2600,12.7070,12.5930,9.3250,4.3460,1.0100,-1.4650,USC00043669,37.8444,-120.2258,853,CA
USC00043710,1.3920,3.2360,5.3970,7.8320,11.8420,15.7600,19.3170,19.1130,15.5220,9.7480,3.5380,0.5410,USC00043710,36.1389,-117.9528,1166,CA
USC00043714,5.5870,6.1010,6.0560,6.2090,8.0560,8.9480,10.4150,10.7870,9.9210,8.2900,6.4460,5.4720,USC00043714,37.4725,-122.4433,8,CA
USC00043747,3.3280,5.4750,7.0560,8.6450,12.5160,15.1760,17.5940,17.0940,14.6790,9.9030,5.0390,1.8030,USC00043747,36.3158,-119.6369,72,CA
USC00043824,-5.0620,-3.0320,-2.0500,-0.4920,2.9010,5.5720,7.7200,5.8860,2.9360,-1.3110,-3.5090,-6.0410,USC00043824,40.9317,-121.5433,919,CA
USC00043855,4.6310,6.2050,8.3090,11.2430,15.5730,18.7630,22.6450,23.6910,19.4570,12.6650,6.3870,3.6500,USC00043855,33.7044,-115.6289,418,CA
USC00043875,4.4210,5.7620,6.3510,7.6180,9.9660,11.5010,12.3910,11.6820,11.1630,8.8700,5.8730,3.4560,USC00043875,38.6175,-122.8731,33,CA
USC00043896,3.8580,4.6230,5.2100,7.3930,9.9270,11.5440,14.7520,15.8220,13.7260,10.0250,5.4100,3.5200,USC00043896,33.7381,-116.8939,552,CA
USC00043914,-1.4270,-0.1580,0.6040,1.4960,4.5120,6.1860,8.8830,10.4170,7.2490,2.5540,-1.3340,-3.0730,USC00043914,33.2372,-116.7614,823,CA
USC00043939,-0.6150,0.2590,0.9450,2.9820,6.5030,9.8290,12.9470,12.9030,10.6700,6.2430,1.7140,-0.8950,USC00043939,37.9614,-119.7831,1180,CA
USC00044025,4.0130,5.6970,5.8970,6.9240,8.8700,10.1590,11.6420,12.0060,11.2790,8.4690,5.4100,2.9120,USC00044025,36.8483,-121.4214,84,CA
USC00044176,-4.0480,-4.9100,-3.7200,-2.4230,1.0850,4.4410,8.0310,8.2480,5.9890,2.0670,-1.9270,-3.7000,USC00044176,37.2275,-119.2206,2140,CA
USC00044211,-1.0500,-0.4730,-0.5940,1.3300,4.4030,7.7760,11.2870,12.3460,9.3740,4.8690,0.3720,-1.4370,USC00044211,33.7572,-116.7067,1640,CA
USC00044223,5.3340,7.5260,9.2190,12.1970,15.9350,19.5940,23.3560,25.0340,21.7900,15.0520,8.0590,4.5900,USC00044223,32.8489,-115.5667,-20,CA
USC00044232,-2.1730,0.3130,2.9670,5.7300,10.0980,14.5360,17.8990,16.8850,13.2200,7.5300,0.6550,-2.5520,USC00044232,36.7981,-118.2036,1204,CA
USC00044259,6.9070,9.2130,12.1440,15.6700,19.4670,23.3380,26.1930,26.6730,23.3460,17.3410,9.8990,5.9900,USC00044259,33.7086,-116.2153,-6,CA
USC00044278,0.2810,2.6490,4.7640,7.7840,11.8740,15.5590,19.3660,18.9270,15.0800,9.2700,2.6660,-0.6240,USC00044278,35.6514,-117.8214,741,CA
USC00044297,8.4250,10.4330,12.4640,15.5620,20.6010,24.4970,27.7010,27.9360,24.1510,17.5040,10.8250,7.6190,USC00044297,34.1472,-115.1219,281,CA
USC00044374,-5.2480,-4.0500,-3.2300,-1.4140,1.9430,4.8390,8.2540,8.4970,5.4250,0.6620,-3.3010,-6.4380,USC00044374,41.2683,-120.2947,1646,CA
USC00044500,5.0460,6.4510,6.6630,7.8420,9.6480,10.8640,11.7540,11.8370,11.1120,9.2820,6.6520,4.3950,USC00044500,37.9569,-122.5439,44,CA
USC00044523,-0.1950,1.7150,2.5810,4.7750,8.9110,12.6350,16.1040,16.5070,12.9600,7.6500,2.2010,-0.7670,USC00044523,35.7831,-118.4389,824,CA
USC00044555,3.4510,5.1350,5.4800,6.1350,8.4390,9.9120,11.6040,11.4790,10.3410,7.2990,4.1490,1.9080,USC00044555,36.2069,-121.1378,98,CA
USC00044577,2.8080,3.5500,3.5300,4.6650,6.8940,8.4280,10.2660,10.2950,8.7640,5.8990,4.0830,2.1220,USC00044577,41.5786,-124.0747,9,CA
USC00044647,6.7470,7.4300,8.2390,9.7560,12.1430,13.8970,14.9870,15.0990,15.1430,12.0390,8.6570,6.2750,USC00044647,33.5453,-117.7814,13,CA
USC00044671,-1.0730,-0.5390,0.0880,1.8950,5.3360,9.2590,13.3560,14.0760,10.8420,5.6970,1.2520,-1.2020,USC00044671,34.2467,-117.1883,1587,CA
USC00044712,4.0110,5.8610,6.9600,8.9380,11.3850,14.4850,15.4070,14.8840,13.8050,10.8500,6.8220,3.2710,USC00044712,38.4919,-122.0039,58,CA
USC00044713,-3.8040,-3.3020,-2.9110,-1.2120,2.3000,5.3330,8.1080,7.8810,6.1670,2.2170,-1.8050,-4.2080,USC00044713,39.3183,-120.6392,1572,CA
USC00044735,8.1350,9.0750,9.5700,11.3130,13.6490,15.3310,17.1490,18.3610,17.3090,14.1300,9.9090,7.5110,USC00044735,32.7675,-117.0233,162,CA
USC00044838,-4.4470,-3.5280,-2.3540,-0.3000,3.3140,5.8860,10.1970,9.7820,6.7160,1.8030,-2.7120,-5.3740,USC00044838,41.7019,-121.5011,1454,CA
USC00044881,-6.6460,-5.1370,-2.8000,-0.3400,4.0440,7.4870,11.1420,10.8400,6.9800,1.8440,-3.0000,-6.3340,USC00044881,37.9567,-119.1194,2072,CA
USC00044890,3.9390,6.1090,7.4850,8.2800,11.4700,14.4310,17.3610,16.7490,14.5440,10.3380,5.5740,2.6510,USC00044890,36.3817,-119.0264,156,CA
USC00044957,3.2110,5.0550,6.7260,7.8900,11.1650,14.3490,17.4830,16.6770,13.7880,9.0510,4.3440,1.7130,USC00044957,36.2033,-119.0545,133,CA
USC00044997,4.2740,5.6800,6.4540,7.7350,10.0410,12.0190,13.5850,13.7830,12.6850,9.9320,6.0190,3.5550,USC00044997,37.6922,-121.7692,146,CA
USC00045026,-7.8910,-7.3350,-5.6730,-4.1480,0.0930,3.4480,6.5740,6.3190,3.4460,-0.7820,-5.1700,-8.4720,USC00045026,36.6044,-118.7325,2053,CA
USC00045032,3.9100,5.6360,6.1960,7.8670,10.5020,12.4780,13.8310,13.7980,12.3000,9.1240,5.3740,2.5780,USC00045032,38.1061,-121.2878,12,CA
USC00045064,6.4760,7.6530,7.7780,8.4620,10.1300,11.2790,12.7910,13.1610,12.7620,10.2870,7.4260,5.2850,USC00045064,34.6539,-120.4514,29,CA
USC00045118,4.7920,6.9390,7.9730,9.3090,12.2310,15.1370,16.8450,16.7370,15.1370,11.2490,6.5930,3.2270,USC00045118,37.0564,-120.8667,37,CA
USC00045120,4.3420,6.7070,7.8390,9.6520,12.6100,15.3880,17.2620,17.5180,15.7810,12.1850,7.3290,3.4900,USC00045120,36.9897,-120.9297,124,CA
USC00045123,4.3170,5.4110,5.9560,6.8820,9.3230,10.9500,12.8670,12.7670,11.8800,9.0140,5.5450,3.4450,USC00045123,37.2319,-121.9592,111,CA
USC00045233,3.6470,5.4100,6.7380,7.9360,11.5560,14.3440,16.7120,16.4710,14.1980,9.3360,4.7060,2.0620,USC00045233,36.9539,-120.0378,82,CA
USC00045280,-8.3340,-8.5780,-6.2130,-4.3430,0.3760,3.6990,6.3830,6.7280,3.0710,-2.2290,-6.0530,-8.8150,USC00045280,37.6478,-118.9617,2379,CA
USC00045311,-5.4440,-4.9950,-4.2590,-2.4980,1.1730,4.1310,7.0100,6.2140,4.6310,0.6090,-3.2650,-5.4460,USC00045311,40.5411,-121.5767,1753,CA
USC00045360,2.7690,3.8590,4.6150,6.1560,8.8240,11.4910,13.1250,12.5560,11.5490,8.0640,4.6460,1.8700,USC00045360,38.4917,-122.1242,146,CA
USC00045378,2.7620,4.0320,4.7510,5.9950,8.2080,9.8380,10.7040,10.8220,10.4000,8.2460,5.0210,1.9670,USC00045378,38.0131,-122.1142,12,CA
USC00045385,4.7380,6.6190,7.7530,9.4440,12.6040,15.1540,16.9450,16.6290,14.8880,10.9510,6.8580,3.7850,USC00045385,39.1458,-121.5853,17,CA
USC00045449,-2.5550,-1.7700,-1.4370,0.3520,4.1260,6.7550,9.4880,8.0440,5.5770,1.3380,-1.6530,-3.4680,USC00045449,41.2514,-122.1383,1000,CA
USC00045502,4.2850,6.7980,9.1440,12.4580,16.6820,19.6970,23.0920,24.2340,20.3460,13.8610,6.5460,2.9680,USC00045502,33.5714,-116.0767,-55,CA
USC00045532,3.2470,5.0340,6.0150,7.1770,10.6420,13.3790,15.9180,15.4790,13.2550,9.0710,4.7640,2.0190,USC00045532,37.2858,-120.5117,47,CA
USC00045679,-4.7870,-4.0370,-3.4300,-2.1090,1.0490,3.5110,5.4870,4.6310,3.0950,-0.5330,-3.0500,-4.9300,USC00045679,40.3458,-121.6092,1486,CA
USC00045721,4.3970,5.3850,6.8850,9.8180,13.9510,18.5580,22.4510,22.3570,17.9460,12.6960,6.8680,4.2150,USC00045721,34.9436,-115.5469,1326,CA
USC00045756,1.8660,3.5530,5.3700,8.2470,12.7740,17.0830,20.2070,20.1890,15.9620,10.3060,4.1420,0.6490,USC00045756,35.0492,-118.1619,834,CA
USC00045790,8.5310,9.4530,10.1330,11.4680,13.8680,15.5240,17.5080,18.3370,17.0870,14.1680,10.5280,7.9480,USC00045790,34.0192,-118.1053,75,CA
USC00045795,6.7710,7.2750,7.4360,7.9400,9.1250,9.9420,11.3130,11.5860,11.3830,10.3190,7.8940,6.3300,USC00045795,36.5903,-121.91,117,CA
USC00045802,6.0660,7.2330,7.6050,8.4960,10.1220,10.9140,12.3220,12.4730,11.8260,9.9030,7.4470,5.0920,USC00045802,36.5928,-121.8556,37,CA
USC00045866,7.6560,8.9350,8.7300,8.7450,10.0440,11.1410,12.7050,12.9490,12.6010,11.0590,9.2350,7.2770,USC00045866,35.3672,-120.8456,35,CA
USC00045915,4.6890,5.2230,5.5020,6.9850,8.9260,12.0040,15.1460,15.6370,14.8800,11.0690,6.9740,4.6310,USC00045915,37.8792,-121.9303,661,CA
USC00045933,2.9580,2.6990,3.0030,4.5000,7.6520,12.0810,17.1690,17.4260,15.2250,10.8720,5.1370,3.1430,USC00045933,37.3436,-121.6425,1282,CA
USC00046006,2.8950,2.2430,2.9930,5.4070,8.3210,12.8780,16.8310,17.5430,14.5400,10.2530,5.6270,2.8210,USC00046006,34.2308,-118.0711,1740,CA
USC00046074,4.2900,5.7660,6.1140,7.1900,9.5630,11.4230,12.5320,12.6180,11.5700,9.1870,6.0760,3.6530,USC00046074,38.2778,-122.2647,11,CA
USC00046136,2.2610,2.6180,3.2220,4.2460,7.9350,11.1980,14.5530,14.4180,12.8220,8.5690,3.9750,1.7620,USC00046136,39.2467,-121.0008,848,CA
USC00046144,6.4280,7.9310,8.6550,9.9020,11.7470,13.0680,13.9700,14.4810,14.1440,12.1070,8.5880,5.7060,USC00046144,37.5147,-122.0325,3,CA
USC00046154,1.0600,2.5080,2.9700,3.6110,7.2220,9.9210,12.9290,12.7670,10.6880,6.1500,1.6610,-0.0460,USC00046154,34.9456,-119.6828,658,CA
USC00046161,7.0670,6.5080,7.9620,9.9750,11.5050,13.3070,16.2850,18.1590,16.6640,12.3340,8.4180,7.1790,USC00046161,34.3933,-118.5939,538,CA
USC00046168,3.7360,5.6410,6.5490,7.9230,11.0280,13.5190,15.6570,15.4120,13.8890,9.8360,5.2530,2.4910,USC00046168,37.2811,-121.0178,27,CA
USC00046172,2.0490,2.2620,4.5820,6.5660,9.6850,11.8270,15.0340,14.8440,12.1270,8.3020,3.9130,0.6040,USC00046172,37.95,-120.5333,236,CA
USC00046174,3.8190,5.1980,6.5230,7.3170,10.8060,14.2370,17.6670,17.4460,15.6790,11.0420,6.1940,3.1770,USC00046174,38.0047,-120.4864,293,CA
USC00046175,9.8050,10.5620,11.2340,12.4370,14.4570,15.9890,17.5110,18.2940,17.5090,14.9770,11.4800,9.3930,USC00046175,33.6025,-117.8803,3,CA
USC00046263,7.9030,8.3060,9.4500,10.3210,13.2570,15.0820,17.0530,17.9230,16.6740,12.7120,9.1970,7.6190,USC00046263,34.2447,-118.525,289,CA
USC00046336,7.3000,8.7770,9.2920,10.3300,11.7380,12.6900,13.3510,14.3520,13.9990,12.5880,9.4890,7.1570,USC00046336,37.7983,-122.2642,9,CA
USC00046377,7.5170,8.5000,9.1490,10.7400,13.4750,15.2240,17.0010,17.7360,16.4040,13.3250,9.0390,6.6880,USC00046377,33.2097,-117.395,3,CA
USC00046399,2.8910,4.5590,5.2060,6.4990,9.2980,11.0980,13.1820,13.3980,11.7940,8.2900,4.3020,1.8100,USC00046399,34.4478,-119.2275,227,CA
USC00046498,3.2580,3.7840,3.4050,4.0870,6.2360,7.5080,9.3690,8.9070,7.1430,4.8410,4.2410,2.4060,USC00046498,41.3619,-124.0192,49,CA
USC00046506,3.8060,5.4820,6.4930,8.2080,11.7550,15.1940,16.8370,15.6670,14.1400,10.2970,6.0430,2.8460,USC00046506,39.7458,-122.1997,77,CA
USC00046508,3.0420,4.7710,5.2590,6.2080,8.7570,10.4730,12.7920,12.4790,10.4920,7.2240,5.0490,2.6500,USC00046508,41.3089,-123.5317,123,CA
USC00046521,4.3340,5.9750,7.4400,8.2580,11.7730,14.0950,16.5210,15.4800,13.7440,10.0270,6.4130,3.9560,USC00046521,39.5178,-121.5531,52,CA
USC00046569,8.3820,9.0960,9.4980,10.2900,12.3030,13.8940,15.5010,15.7340,15.0150,12.6930,9.8000,8.0800,USC00046569,34.1981,-119.1753,15,CA
USC00046572,7.4880,8.6920,8.7780,9.5620,11.8550,13.3330,15.2540,14.7540,14.6350,12.2060,8.4290,7.0910,USC00046572,34.2067,-119.1375,16,CA
USC00046599,9.2520,9.3550,9.4730,9.9850,11.2860,11.7610,12.6630,12.9750,13.2340,13.0530,10.8940,9.2380,USC00046599,37.5917,-122.4717,145,CA
USC00046610,1.5040,2.2810,3.1760,3.9790,6.0290,7.3910,8.9220,8.8860,8.1340,4.4750,1.9180,-0.2370,USC00046610,36.715,-121.3492,276,CA
USC00046624,1.6460,3.4050,4.7070,7.1960,11.2570,14.9850,18.3110,18.4550,15.2570,9.5100,3.5340,0.6530,USC00046624,34.5883,-118.0939,794,CA
USC00046635,7.5530,9.2020,10.8780,14.1830,17.6920,20.9790,24.3690,25.5990,22.1910,16.5540,10.1250,6.6110,USC00046635,33.8275,-116.5097,130,CA
USC00046646,4.1410,5.4390,6.1720,6.9840,9.1420,10.7900,12.4860,12.5150,11.3300,8.5400,5.4810,2.9140,USC00046646,37.4436,-122.1403,8,CA
USC00046657,3.0320,2.6870,3.3500,5.3040,8.5970,12.9550,17.0960,18.0840,15.2000,10.5110,5.5070,2.8270,USC00046657,33.3781,-116.84,1692,CA
USC00046685,4.5070,5.7710,6.6770,8.3680,11.3530,15.1040,18.3490,17.8360,16.3160,11.9150,7.0210,4.1930,USC00046685,39.7536,-121.6239,533,CA
USC00046699,4.9740,7.2800,10.1740,13.5280,18.5200,22.9240,26.4940,26.3970,22.6580,15.7010,8.3240,4.5620,USC00046699,34.2903,-114.1708,225,CA
USC00046719,8.7100,9.5910,9.9070,11.6020,13.5050,15.5690,17.3830,18.6410,17.1650,14.1280,10.3190,8.2090,USC00046719,34.1481,-118.1444,263,CA
USC00046730,1.9710,4.0160,4.8790,5.0990,7.9420,9.3490,11.0670,10.9530,9.4000,5.7900,2.4180,-0.1370,USC00046730,35.6278,-120.6856,223,CA
USC00046773,3.0590,4.3270,5.3140,7.4780,11.2550,15.1540,19.0180,19.5420,16.2890,11.5500,5.6010,2.2940,USC00046773,34.5028,-117.8944,930,CA
USC00046826,4.4630,5.6850,5.6130,6.3890,8.6150,10.1440,11.2260,11.2710,10.7290,8.5410,5.5950,3.1380,USC00046826,38.2578,-122.6078,6,CA
USC00046926,-2.2290,-0.7420,-0.3320,0.4830,2.6350,4.4780,6.2910,6.8660,5.1760,2.0060,-1.0970,-3.2330,USC00046926,36.4817,-121.1822,398,CA
USC00046943,7.6590,8.5500,8.6180,9.6640,10.4420,11.7210,12.6770,13.1550,12.7610,11.7390,9.2770,7.0960,USC00046943,35.1597,-120.6831,12,CA
USC00046960,2.6130,4.1450,4.7900,6.1390,9.1440,12.3330,15.5390,15.4340,13.7380,9.3820,4.5790,1.7680,USC00046960,38.6956,-120.8244,564,CA
USC00046962,4.6530,5.9900,5.0530,7.3790,11.4270,14.2240,17.4050,17.7860,16.9510,11.8430,5.6880,3.3770,USC00046962,38.7333,-120.7333,840,CA
USC00047050,6.6770,7.9270,8.3350,9.4790,12.2000,13.9890,16.1150,16.9190,15.8440,12.6080,8.1250,5.7090,USC00047050,34.0817,-117.7658,317,CA
USC00047077,4.5010,6.8970,8.0910,9.4690,12.8070,16.0780,19.1530,18.6590,16.1130,11.1900,6.3680,3.4770,USC00047077,36.0678,-119.02,120,CA
USC00047085,-6.7320,-4.9220,-3.6490,-1.8880,1.4270,3.9950,5.9500,5.1210,2.4610,-1.4560,-4.3980,-7.1760,USC00047085,39.8053,-120.4719,1478,CA
USC00047109,1.5710,2.6160,3.5070,4.3450,7.1070,9.5640,11.7680,10.9100,9.0870,5.8440,3.0680,0.4940,USC00047109,39.3619,-123.1286,310,CA
USC00047150,-0.7830,0.9680,1.4170,1.8910,5.0380,7.1020,9.8110,9.7120,7.4810,3.4630,-0.5010,-2.2800,USC00047150,36.1883,-120.6953,701,CA
USC00047195,-2.3430,-0.9290,-0.4220,0.6290,4.6660,6.5880,8.7720,7.5440,5.3690,1.5860,-1.1170,-2.8980,USC00047195,39.9367,-120.9475,1042,CA
USC00047228,3.1490,4.0590,4.5230,5.7520,9.1780,10.2740,12.4610,14.1830,12.1470,8.1700,4.4320,1.8380,USC00047228,33.0114,-116.9081,448,CA
USC00047253,2.4570,3.8500,5.1430,7.9960,12.1340,16.3240,19.5050,19.8000,16.5060,11.2620,5.2200,2.0580,USC00047253,35.3692,-117.6525,1088,CA
USC00047306,4.9150,6.1000,6.9170,8.6100,11.2960,13.2780,15.9640,16.8070,14.9490,11.1240,6.4740,4.2410,USC00047306,34.0528,-117.1894,402,CA
USC00047339,4.8130,6.2560,6.9090,7.8380,10.1030,11.5300,13.2610,12.9820,12.2070,9.6980,6.4340,4.0500,USC00047339,37.4767,-122.2386,9,CA
USC00047404,3.9760,4.5480,4.4610,5.3010,7.8520,9.8640,11.7680,11.5190,9.7470,6.4700,5.0290,3.0000,USC00047404,40.0261,-123.7931,153,CA
USC00047414,6.8850,8.1640,8.7490,9.9190,11.3690,12.3130,12.9370,13.2710,13.5300,12.0760,8.8360,6.7560,USC00047414,37.9192,-122.3772,6,CA
USC00047470,6.2090,7.2780,8.0430,9.7740,12.8210,14.7060,17.1730,18.1180,16.1770,12.2570,7.4740,5.2630,USC00047470,33.9511,-117.3881,256,CA
USC00047473,6.3210,7.3620,7.9920,9.4560,12.1220,13.7340,16.1080,17.0670,15.2920,11.7190,7.4450,5.6410,USC00047473,33.9669,-117.3614,301,CA
USC00047641,-9.4130,-8.1370,-6.5960,-4.7400,-1.4540,0.4070,2.4690,2.2800,-0.1440,-3.6400,-6.9140,-10.1870,USC00047641,39.4317,-120.2406,1932,CA
USC00047643,4.0210,5.3500,5.9670,7.2740,9.7000,11.5120,12.5730,12.3300,11.3820,8.7980,5.8180,2.8330,USC00047643,38.5067,-122.4714,69,CA
USC00047668,5.1370,6.3230,6.4790,7.2830,9.3490,10.5530,12.0200,12.0590,11.4190,9.0000,6.0910,4.2100,USC00047668,36.6594,-121.6656,14,CA
USC00047689,1.5900,1.7620,2.1060,3.8990,7.6550,10.7370,15.1620,15.4780,13.1310,8.9710,4.0400,0.7560,USC00047689,38.5006,-120.2189,1128,CA
USC00047723,5.9950,7.0380,7.5850,9.7230,12.4720,14.4420,17.0590,18.1050,16.3020,12.0510,7.3090,5.0860,USC00047723,34.1344,-117.2539,348,CA
USC00047767,7.3320,8.2050,8.7440,9.3750,10.6110,11.3010,12.4690,12.9620,12.8120,11.6950,9.1680,7.2100,USC00047767,37.7281,-122.5053,2,CA
USC00047785,7.1970,8.7110,9.7060,11.2590,13.9600,15.9330,17.8690,18.4280,17.0500,13.5830,8.8010,6.4390,USC00047785,34.1061,-118.1,137,CA
USC00047807,4.4120,4.9100,4.9720,5.5370,7.5520,8.1450,9.9660,9.7620,8.8740,6.4790,4.5410,3.2280,USC00047807,37.3117,-122.3617,84,CA
USC00047813,3.2840,4.6640,5.5860,7.4040,10.4970,12.5940,15.3170,16.6770,14.1020,9.7010,5.0990,2.1670,USC00047813,33.7869,-116.9583,476,CA
USC00047821,6.1000,7.4650,8.2380,9.3980,11.4490,13.1390,14.5450,14.8090,14.0470,11.4340,7.7930,5.1140,USC00047821,37.3592,-121.9239,16,CA
USC00047846,4.0620,6.3230,8.0220,9.7060,12.6000,14.7500,16.9260,17.6970,15.8360,11.7010,6.9690,3.0700,USC00047846,37.0533,-121.0578,84,CA
USC00047851,7.3150,8.2630,8.7510,9.0820,9.9780,11.0870,12.5750,12.8270,12.6170,10.9950,8.7870,6.8720,USC00047851,35.3039,-120.665,94,CA
USC00047874,4.4320,5.9370,6.9400,8.3150,11.3750,13.0040,14.8890,15.5620,14.1510,10.2180,5.2440,2.6270,USC00047874,33.0956,-116.9975,128,CA
USC00047880,5.4660,6.6580,7.2100,8.5920,9.8920,11.4450,12.4620,12.8350,12.1400,10.4350,7.3110,4.8290,USC00047880,37.9983,-122.5372,37,CA
USC00047888,8.2920,9.2100,9.8740,11.4200,13.7420,15.3570,17.0340,17.8300,16.9630,14.1930,10.1320,7.7370,USC00047888,33.7442,-117.8667,41,CA
USC00047902,8.3910,9.4840,9.7210,10.9280,12.6390,13.9980,15.4860,15.6900,15.4100,13.3830,9.8990,8.2260,USC00047902,34.4167,-119.6844,2,CA
USC00047916,5.3550,6.4800,6.7930,7.5420,9.5320,10.6670,12.2190,12.2090,11.5140,9.4140,6.5290,4.6080,USC00047916,36.9906,-121.9911,40,CA
USC00047953,10.4530,11.0980,11.2640,12.3660,13.9520,15.4340,16.6870,17.5320,16.9440,15.1660,12.2320,10.3510,USC00047953,34.0075,-118.4997,4,CA
USC00047957,5.0920,6.2230,6.9740,7.4970,10.1840,11.7110,13.8370,13.0890,12.5410,9.8750,6.1960,4.5350,USC00047957,34.3119,-119.1331,72,CA
USC00047965,4.0020,5.3960,6.0110,7.0560,9.0220,10.4960,11.0570,11.3140,10.6590,8.8860,5.7050,3.3280,USC00047965,38.4381,-122.6978,53,CA
USC00048045,6.3240,6.8510,6.7370,7.8830,9.8730,11.1670,12.4170,12.7320,11.3250,9.1130,7.0690,5.2800,USC00048045,40.4831,-124.1036,42,CA
USC00048135,5.0380,5.9280,6.6290,8.5990,12.2760,16.1090,19.6510,18.8790,16.9150,12.3690,7.7590,4.7770,USC00048135,40.7142,-122.4161,328,CA
USC00048163,7.8690,7.9240,7.8180,8.1730,9.5860,10.6740,11.3790,11.7160,11.8340,10.9840,9.0380,7.9180,USC00048163,40.0331,-124.0728,75,CA
USC00048207,-1.0360,-0.2410,0.4580,1.7000,4.8110,7.9210,11.6720,11.4030,9.5640,5.4580,1.0690,-0.4920,USC00048207,39.5678,-120.6228,1292,CA
USC00048273,4.2100,4.6420,4.9480,5.8910,8.2300,9.6040,13.9810,14.3490,13.7910,10.2110,6.3820,4.2220,USC00048273,37.3133,-122.185,692,CA
USC00048351,3.4680,4.8770,5.2960,6.5380,8.7040,10.3080,11.5700,11.3310,10.2900,8.1860,5.0370,2.7380,USC00048351,38.2994,-122.4622,30,CA
USC00048353,1.1590,2.2490,3.4200,4.5240,7.6170,10.3580,13.1350,12.7620,10.8430,6.1250,2.2820,-0.0530,USC00048353,37.9672,-120.3872,511,CA
USC00048380,-2.5770,-2.1920,-1.8640,-1.0090,2.8740,6.2040,9.1320,8.8900,6.9100,2.5160,-1.2300,-3.1600,USC00048380,37.5072,-119.6331,1538,CA
USC00048560,4.2230,6.2520,7.3260,8.3040,11.2970,13.2990,14.8240,14.5690,13.0540,9.7750,5.7000,2.9440,USC00048560,37.9994,-121.3178,4,CA
USC00048587,1.0670,2.5950,3.3000,4.9100,8.3290,11.8110,14.9410,13.8690,11.6160,6.9830,2.5900,0.0240,USC00048587,39.5858,-122.5339,244,CA
USC00048606,-0.4020,0.1080,0.3210,1.8610,5.2280,8.2760,10.9020,10.4360,8.9270,4.9790,1.3140,-0.5680,USC00048606,39.5631,-121.1078,1161,CA
USC00048655,2.0290,3.3960,4.7050,6.2940,9.6180,11.6830,13.7330,15.0180,13.9490,8.5840,3.3150,0.4910,USC00048655,33.7156,-117.19,433,CA
USC00048702,-4.5580,-2.3440,-0.7040,1.7570,5.3620,8.0100,11.4750,10.3460,6.7210,2.4440,-2.1420,-5.1890,USC00048702,40.4167,-120.6631,1275,CA
USC00048713,3.8550,5.0590,6.5830,7.1650,9.9440,12.6880,15.6220,16.3930,14.9520,11.3410,6.4400,3.4370,USC00048713,38.3772,-120.8008,483,CA
USC00048752,5.8730,7.7180,9.5400,10.2460,12.5020,15.1560,17.9140,17.4040,16.2280,12.2660,7.8020,3.9800,USC00048752,35.1503,-119.43,236,CA
USC00048758,-6.1170,-5.5020,-4.3930,-2.8900,0.7280,3.4660,6.4300,6.5590,4.1570,0.0110,-3.6640,-6.2570,USC00048758,39.1678,-120.1428,1899,CA
USC00048826,-0.0450,1.0730,2.0840,3.6740,7.1880,11.0390,14.5400,14.3530,11.1230,6.0730,1.6640,-0.5920,USC00048826,35.1333,-118.45,1224,CA
USC00048873,-8.3260,-5.6460,-3.7340,-2.3480,1.1870,3.6870,6.3410,4.9000,1.7900,-3.0030,-6.5940,-10.2300,USC00048873,40.8667,-120.4333,1615,CA
USC00048917,2.2610,3.8580,4.9920,6.5690,9.9360,13.6540,17.2910,17.1650,14.1570,8.9940,4.1790,1.3190,USC00048917,36.465,-118.8619,348,CA
USC00048928,0.3310,1.5590,2.2420,3.7760,6.9870,9.4610,12.6040,12.8270,10.7080,6.6520,2.6790,0.2290,USC00048928,38.4461,-120.4992,718,CA
USC00049001,4.5600,6.4790,7.7150,9.7810,12.4660,14.4250,15.9530,16.2190,14.8860,11.6070,7.3650,3.8310,USC00049001,37.7967,-121.5828,19,CA
USC00049026,1.0600,1.4980,2.1630,3.1070,6.5850,8.7700,11.5440,10.1680,7.4440,3.5060,2.1720,0.0190,USC00049026,40.7264,-122.7947,567,CA
USC00049035,2.0520,5.4010,7.0380,10.6090,15.5130,19.7030,22.8420,22.9760,19.6350,12.4450,5.6340,1.1900,USC00049035,35.7636,-117.3908,517,CA
USC00049043,-8.6250,-7.4260,-6.1820,-4.6320,-0.9840,1.5710,4.2110,3.9280,1.3180,-2.8860,-6.3110,-9.3290,USC00049043,39.3331,-120.173,1775,CA
USC00049053,-6.4330,-5.2410,-3.8500,-1.5020,2.9330,5.2390,7.6200,6.1240,2.7490,-1.6730,-4.6730,-7.4910,USC00049053,41.96,-121.4744,1230,CA
USC00049073,4.7090,6.8110,8.0170,9.7950,12.8350,15.4630,17.0430,17.0590,15.3460,11.6500,6.8280,3.7220,USC00049073,37.5006,-120.855,35,CA
USC00049087,6.7120,8.0830,8.7630,9.9000,12.7100,14.3680,16.3260,16.7860,15.6770,12.5880,7.8980,6.2250,USC00049087,33.7025,-117.7539,72,CA
USC00049099,4.9210,6.9980,8.9020,12.1960,17.0520,20.7590,24.2920,24.5780,20.2920,13.3680,7.2190,4.3590,USC00049099,34.1281,-116.0369,602,CA
USC00049105,-7.5960,-7.8890,-7.1160,-5.6090,-1.7450,1.7380,4.2910,4.4680,2.6520,-1.9710,-5.3730,-8.2690,USC00049105,38.7086,-120.0403,2438,CA
USC00049111,3.7740,4.8750,5.3100,5.5990,7.2470,8.2990,9.2040,10.2390,8.9960,6.4940,5.0790,1.7600,USC00049111,34.9881,-120.3211,177,CA
USC00049122,3.2930,4.4330,4.6190,5.9270,8.4720,11.1200,13.1960,12.6820,10.8710,7.6740,4.7160,2.2200,USC00049122,39.1467,-123.2103,194,CA
USC00049152,10.1300,10.3400,10.4090,11.7370,13.1020,14.4890,16.1350,17.0840,16.2980,14.5020,12.0200,10.3550,USC00049152,34.0697,-118.4428,131,CA
USC00049200,4.2450,5.8690,6.8650,8.7830,11.2230,13.5560,14.9100,14.6420,13.6520,10.8040,6.3680,3.3680,USC00049200,38.3956,-121.9608,34,CA
USC00049325,1.0850,2.8080,4.0700,6.0900,9.8640,13.1280,15.9190,16.5170,13.3830,7.4440,1.9720,-0.3630,USC00049325,34.535,-117.3058,871,CA
USC00049367,4.4220,6.5390,8.1590,9.4240,13.0270,16.1240,18.9710,18.2520,15.8290,11.5430,6.6400,3.3610,USC00049367,36.3283,-119.2992,99,CA
USC00049378,7.5950,8.1050,8.8010,10.2490,12.7680,14.4220,16.2360,17.1270,16.1310,13.1100,9.1740,7.0190,USC00049378,33.2294,-117.2269,155,CA
USC00049440,3.3640,4.4720,4.7870,6.3580,8.2870,10.3480,10.8680,9.9140,9.0680,7.3190,5.0610,1.9860,USC00049440,38.7161,-122.9975,68,CA
USC00049452,2.7830,5.1260,6.8120,8.2210,11.9100,14.8370,17.7130,16.9060,14.4870,9.3960,3.9770,1.1930,USC00049452,35.5892,-119.3519,89,CA
USC00049473,4.8550,6.4710,6.7410,7.6530,9.4400,10.5570,11.8550,11.9330,11.3200,8.8060,6.0630,4.1350,USC00049473,36.9308,-121.7692,29,CA
USC00049490,0.3310,0.6270,0.8400,2.0070,5.5920,7.7840,10.8110,9.3340,6.5290,2.1530,0.8730,-0.8570,USC00049490,40.7222,-122.9331,600,CA
USC00049621,4.0810,4.9650,6.3270,7.9610,11.9090,15.3200,18.3120,17.5630,15.4200,10.9720,6.5920,3.6930,USC00049621,40.6117,-122.5281,395,CA
USC00049671,-0.3380,1.1510,3.0240,5.2110,9.5090,13.6890,17.4710,17.6080,14.2660,8.6830,2.3590,-0.9740,USC00049671,36.2656,-117.1853,1250,CA
USC00049684,0.5710,1.7320,1.5320,2.0700,4.2920,6.3220,8.1680,6.5760,4.8890,1.7090,0.8820,-1.1450,USC00049684,39.4194,-123.3425,412,CA
USC00049699,2.4750,4.4290,5.3240,6.5080,10.1960,13.5100,15.5170,14.8150,13.5080,9.9350,4.9030,1.9720,USC00049699,39.5231,-122.3058,71,CA
USC00049742,3.9890,5.8250,7.0960,9.2520,11.8950,14.3350,15.4500,15.3040,14.0410,10.5420,6.1710,2.9950,USC00049742,38.5228,-121.9683,41,CA
USC00049781,4.8730,6.7900,7.9330,9.5350,12.0960,14.3670,15.4100,15.2080,14.2940,11.3340,6.9980,3.8240,USC00049781,38.6828,-121.7942,21,CA
USC00049792,3.1940,4.6410,4.9840,5.8150,7.6120,9.1780,10.9130,10.5420,9.5950,7.3520,4.3880,2.1100,USC00049792,37.4286,-122.2567,116,CA
USC00049822,-2.5730,-3.4360,-1.9240,0.0060,4.5870,6.9670,11.0350,10.6270,7.8510,2.4030,-1.6290,-4.3570,USC00049822,34.3617,-117.6386,1829,CA
USC00049855,-1.2160,-0.1290,1.2280,3.6000,6.8470,10.0100,13.6710,13.6260,10.8600,5.3940,0.5350,-1.9840,USC00049855,37.75,-119.5897,1225,CA
USC00049866,-2.5150,-1.1520,-0.2060,1.7980,5.1520,7.5830,11.0800,10.2430,7.4870,2.2710,-0.9590,-3.2040,USC00049866,41.7036,-122.6408,800,CA
USW00003102,6.8940,7.9890,8.5020,10.6150,13.2310,14.9120,17.0330,18.6330,17.1260,12.6920,7.8160,6.2100,USW00003102,34.0561,-117.6003,289,CA
USW00003104,3.3300,5.9750,8.2950,11.6120,16.4480,19.1590,22.2650,23.0980,19.2720,12.1390,4.9030,1.9480,USW00003104,33.6267,-116.1594,-36,CA
USW00003122,8.0930,8.8940,9.3990,10.6010,12.7070,14.3480,16.0080,16.5450,15.7950,13.4050,9.5510,7.6390,USW00003122,33.8017,-118.3411,27,CA
USW00003131,7.1500,9.2530,9.1390,10.9260,13.8190,15.2510,17.1840,18.4750,17.1420,13.6060,9.2550,7.1800,USW00003131,32.8158,-117.1394,127,CA
USW00003144,4.6260,7.7170,9.3930,12.3870,16.6760,20.3580,23.8150,25.8220,20.8430,14.3470,7.4950,4.3490,USW00003144,32.8342,-115.5786,-18,CA
USW00003154,5.6530,7.1640,8.1560,9.1520,12.4460,13.7900,15.7960,16.3090,15.0820,11.2990,6.5240,4.0980,USW00003154,33.3,-117.35,23,CA
USW00003159,0.8180,2.7890,4.3440,7.6710,12.2430,15.7730,18.6880,18.1350,14.0390,7.7070,1.7390,-1.3010,USW00003159,34.7411,-118.2117,713,CA
USW00003164,0.9470,1.9500,2.2070,3.0990,5.4870,6.8760,9.7530,11.7310,9.0160,4.6800,1.3560,-0.3850,USW00003164,32.6233,-116.4728,802,CA
USW00003166,7.2870,9.4050,10.0660,11.3230,14.2520,15.9910,17.7460,18.6100,17.6440,14.0880,9.3200,7.1870,USW00003166,33.8719,-117.9789,29,CA
USW00003167,9.8310,10.9330,11.7930,13.0160,14.7850,15.8860,17.5530,18.3880,17.7140,15.4570,11.7150,9.2630,USW00003167,33.9228,-118.3342,19,CA
USW00003171,6.5690,7.8700,8.1500,10.4280,13.2920,15.3260,17.5300,18.3990,16.8970,12.4740,7.4750,6.0340,USW00003171,33.9519,-117.4386,245,CA
USW00003177,8.5540,9.3550,9.8800,11.4560,13.9660,15.1060,17.1770,18.3910,17.2380,14.3510,10.4220,8.1590,USW00003177,33.1281,-117.2794,100,CA
USW00003178,6.9370,8.1160,8.1440,9.8480,12.2780,13.5480,15.5240,16.9630,16.0480,12.5770,7.5540,6.0460,USW00003178,32.5722,-116.9794,157,CA
USW00003179,4.3370,5.5300,6.8180,7.6860,11.1400,13.2190,15.4490,15.5930,13.5240,10.5340,5.4410,3.1210,USW00003179,33.9753,-117.6361,198,CA
USW00023110,2.6170,4.5950,5.8110,7.2160,10.5050,12.9830,15.3310,14.8530,12.7310,8.3300,3.1820,0.6990,USW00023110,36.3333,-119.95,71,CA
USW00023129,8.2690,9.6060,10.2430,11.8390,14.2080,16.0300,17.9160,18.4440,17.5370,14.5580,10.0220,7.8230,USW00023129,33.8117,-118.1464,9,CA
USW00023130,7.4000,7.6050,9.0900,10.5180,13.1860,14.9930,16.9120,17.9370,16.5440,12.3560,8.4220,6.5780,USW00023130,34.2097,-118.4892,235,CA
USW00023136,6.3170,6.2160,8.5660,8.9480,11.2110,13.5140,14.1640,14.9920,14.1910,11.5500,7.8430,5.7330,USW00023136,34.2167,-119.0833,24,CA
USW00023152,6.2820,7.8070,8.4320,10.3640,12.8490,14.7640,16.7750,17.4590,16.2600,12.4640,7.6180,5.6160,USW00023152,34.2006,-118.3575,226,CA
USW00023155,5.1020,7.1340,8.2980,9.8750,13.7540,17.2580,20.8710,20.5780,17.7930,12.8180,7.1580,4.0810,USW00023155,35.4344,-119.0542,149,CA
USW00023156,4.1590,4.7620,4.9780,6.4290,9.3360,11.6270,14.5500,15.7670,13.4670,9.6710,5.8300,3.7610,USW00023156,33.9286,-116.9814,790,CA
USW00023157,-5.2680,-2.9470,-0.5220,2.3270,6.4900,9.6800,12.7030,11.8870,8.1280,2.7050,-3.3470,-5.8580,USW00023157,37.3711,-118.3581,1250,CA
USW00023158,5.9930,8.3100,10.1760,13.6100,18.1150,22.0470,26.2960,27.4310,23.1110,15.4400,8.3640,5.1370,USW00023158,33.6186,-114.7142,120,CA
USW00023161,2.9470,5.1860,7.3910,10.5590,15.0210,18.9060,22.3800,22.6400,18.6350,12.3270,5.0980,1.6280,USW00023161,34.8536,-116.7858,584,CA
USW00023174,9.6940,10.4970,11.0200,12.2700,14.1760,15.7630,17.4910,18.3410,17.5530,15.1160,11.4960,9.3010,USW00023174,33.9381,-118.3889,30,CA
USW00023179,6.5480,8.7520,10.8560,14.5240,19.7230,24.4300,28.4590,28.7080,23.9840,16.4170,9.3780,6.0920,USW00023179,34.7675,-114.6189,271,CA
USW00023182,-0.1310,2.4360,4.0840,6.2300,10.9430,14.2040,17.5250,18.1370,13.5510,8.4870,1.5230,-1.3700,USW00023182,34.6294,-118.0836,769,CA
USW00023187,3.4070,3.6800,4.5200,5.9160,8.9330,13.1670,17.1890,17.9630,15.9320,11.4400,6.3160,2.9690,USW00023187,34.7436,-118.7242,1375,CA
USW00023188,9.9310,11.0410,11.9110,13.4200,15.3780,16.6160,18.1510,19.2560,18.5780,15.8870,11.6160,9.1570,USW00023188,32.7336,-117.1831,5,CA
USW00023190,5.7060,7.6440,7.9720,8.9120,10.8070,12.2460,14.2630,14.5240,13.4200,10.7080,6.7900,4.4030,USW00023190,34.4258,-119.8425,3,CA
USW00023191,9.3590,9.1570,9.0050,9.4020,11.1500,11.8900,14.7830,16.8610,16.2010,13.8710,11.2280,9.1240,USW00023191,33.405,-118.4158,488,CA
USW00023213,3.0280,4.7850,5.3680,5.9420,8.0760,9.8960,11.1590,10.7290,9.9150,7.2890,4.7970,2.2160,USW00023213,38.5039,-122.8103,35,CA
USW00023225,1.4830,1.7920,1.7950,4.1570,7.1890,11.3470,16.2180,16.1210,13.7690,9.0110,3.0340,1.2550,USW00023225,39.2775,-120.7103,1608,CA
USW00023230,5.9330,7.3130,8.0370,9.3050,10.8290,12.0310,13.0520,13.0580,12.4150,10.9380,7.4930,4.9690,USW00023230,37.7214,-122.2208,2,CA
USW00023232,4.3210,5.8440,6.8330,8.0540,10.5630,12.9260,14.2790,14.5620,13.2370,10.0790,5.7430,3.1020,USW00023232,38.5069,-121.495,5,CA
USW00023233,6.0410,7.1030,7.3130,8.1960,10.5060,11.6380,12.9050,13.0300,12.6210,9.8330,6.9570,4.6430,USW00023233,36.6636,-121.6081,23,CA
USW00023234,7.3180,8.4750,8.9460,9.8470,11.2150,12.0400,13.0230,13.4540,13.2230,11.8090,9.2300,6.9510,USW00023234,37.6197,-122.3647,2,CA
USW00023237,4.0600,5.6550,6.5840,8.3970,11.1650,13.7050,15.5740,15.6300,14.0550,10.1240,5.8640,2.6980,USW00023237,37.8892,-121.2258,8,CA
USW00023239,8.4680,9.8010,10.6280,11.3190,12.5260,13.4570,14.2620,14.7820,15.1040,13.9550,11.0410,8.4760,USW00023239,37.7333,-122.3167,5,CA
USW00023244,6.4000,7.7390,8.6220,10.2240,12.0620,13.4930,14.9810,15.0930,14.2960,12.2720,8.2590,5.8610,USW00023244,37.4058,-122.0481,12,CA
USW00023254,5.2470,6.8680,7.3620,8.7980,11.1950,13.1500,14.2060,14.4550,13.7110,10.7830,6.4690,4.0460,USW00023254,37.9917,-122.055,6,CA
USW00023257,3.4030,4.5490,5.8400,7.5850,10.8160,14.4790,15.5870,15.3820,13.4400,9.3110,4.8670,1.5750,USW00023257,37.2847,-120.5128,46,CA
USW00023258,5.1180,7.1720,8.3440,9.9200,12.4540,14.9900,16.8570,17.0280,15.4480,12.0030,7.4460,4.0320,USW00023258,37.6242,-120.9506,22,CA
USW00023259,6.4330,7.5480,7.7390,8.2960,9.8570,10.9280,12.0400,12.2470,11.6490,9.9270,7.4280,5.3680,USW00023259,36.5881,-121.8453,50,CA
USW00023271,5.2930,7.2710,8.4180,9.8400,12.1290,14.3610,15.7460,16.1700,14.9090,11.8430,7.5930,4.6050,USW00023271,38.5556,-121.4169,12,CA
USW00023272,7.8440,8.8480,9.2480,9.9270,10.9520,11.4720,12.3400,12.8560,12.9670,12.1950,9.9330,7.6870,USW00023272,37.7706,-122.4269,46,CA
USW00023273,5.1650,6.3300,6.5510,6.8280,8.6520,10.2590,12.1690,12.2790,11.6520,9.1350,5.7570,3.8070,USW00023273,34.8994,-120.4486,74,CA
USW00023275,3.3500,4.7600,4.3380,5.8900,8.5950,11.1080,13.2180,12.1050,10.0490,6.2490,3.9070,1.7540,USW00023275,39.1258,-123.2008,183,CA
USW00023277,4.9020,6.5860,6.5780,7.0310,8.9720,10.3180,11.8710,11.6390,11.0210,8.8670,6.0850,4.2130,USW00023277,36.9358,-121.7886,49,CA
USW00023285,3.8120,5.3110,6.0030,7.1320,9.8690,12.1900,13.9050,14.3950,13.1890,9.7740,5.8460,2.7930,USW00023285,37.6928,-121.8144,120,CA
USW00023293,6.2840,7.7250,8.5950,9.3940,11.5890,13.2210,14.6590,14.8090,14.0020,11.5630,8.0310,5.2960,USW00023293,37.3592,-121.9239,16,CA
USW00024213,5.4770,6.1010,5.9470,7.1290,9.0000,10.0130,11.3260,11.8400,10.4910,8.2980,6.5700,4.4940,USW00024213,40.8097,-124.1603,6,CA
USW00024215,-2.8090,-1.8530,-1.1080,0.8140,4.3370,6.9210,9.5510,8.4110,6.1340,2.3450,-1.1770,-3.5060,USW00024215,41.3325,-122.3328,1078,CA
USW00024216,3.5790,5.2460,6.4220,8.2810,11.8840,15.7170,18.0780,16.8520,15.0370,10.6070,5.7070,2.8380,USW00024216,40.1519,-122.2536,108,CA
USW00024257,3.0170,4.6500,5.9270,7.8250,11.6520,15.5940,18.4100,16.6010,14.4150,9.6170,4.7120,2.0580,USW00024257,40.5175,-122.2986,152,CA
USW00024259,-2.8620,-1.5870,-1.2950,0.8130,4.9680,8.3600,12.0200,10.8150,6.5670,2.3740,-1.4150,-3.0970,USW00024259,41.7806,-122.4717,803,CA
USW00024283,4.3980,5.0190,4.5010,5.6340,7.4450,8.5770,10.3420,10.2290,8.9110,6.6810,5.3270,3.5310,USW00024283,40.9781,-124.1086,61,CA
USW00024286,5.3830,6.2190,5.7440,7.1100,8.7500,9.5740,10.9600,10.8120,9.8780,8.0040,6.4550,5.3140,USW00024286,41.7803,-124.2367,17,CA
USW00053119,3.0930,4.6210,6.3940,8.2150,11.9660,14.5080,16.7200,16.3780,13.9360,9.0220,3.9460,1.1200,USW00053119,36.3189,-119.6289,76,CA
USW00053120,1.9850,3.6780,4.3020,5.3550,8.7750,11.1440,13.2250,14.2880,12.6180,8.6860,3.9090,1.4120,USW00053120,33.0375,-116.9158,425,CA
USW00053121,4.7440,7.3540,8.0880,9.7740,12.0500,14.5400,16.0880,17.0490,16.2470,11.4330,5.7910,4.1530,USW00053121,33.2194,-117.3494,9,CA
USW00093101,9.0140,9.2440,9.4860,10.7620,13.2520,14.7740,16.6090,17.4780,16.5290,13.7860,10.5640,8.4490,USW00093101,33.6667,-117.7333,116,CA
USW00093104,-0.3250,2.7920,5.0220,8.3740,13.1250,17.0580,19.9880,19.6310,15.6920,8.9260,2.3000,-1.2330,USW00093104,35.6875,-117.6931,680,CA
USW00093107,7.7550,8.8750,9.1330,10.4040,12.9150,14.4930,16.4440,17.6360,16.4050,13.0650,8.8250,6.6170,USW00093107,32.8667,-117.1333,145,CA
USW00093110,8.3290,9.0370,9.2770,9.3500,11.9370,13.5690,15.4230,15.6110,14.6970,11.8880,8.6760,7.1910,USW00093110,34.2008,-119.2069,11,CA
USW00093111,6.9160,7.8230,8.0960,8.5950,10.7360,12.2660,14.0260,14.1080,13.8340,11.6910,8.1980,6.2740,USW00093111,34.1167,-119.1167,4,CA
USW00093112,11.0600,12.1410,13.0610,14.4570,16.4340,17.6170,18.9380,20.1640,19.4500,17.0040,12.8980,10.0710,USW00093112,32.7,-117.2,8,CA
USW00093114,8.5480,9.3530,10.4410,11.6430,14.5160,16.0210,17.7110,18.6370,17.4760,14.1960,9.9530,8.2900,USW00093114,33.7,-117.8333,18,CA
USW00093134,9.3550,10.2150,10.8200,12.3560,14.1140,15.7890,17.4460,18.4860,17.6210,14.9890,11.0820,8.8470,USW00093134,34.0511,-118.2353,70,CA
USW00093138,8.0580,9.5390,11.4490,14.2210,18.3040,21.4780,24.3380,25.7220,22.8840,16.7790,10.5690,7.2830,USW00093138,33.8281,-116.5053,128,CA
USW00093184,8.6380,9.6880,10.9570,12.2700,14.7200,15.9420,17.6860,18.6020,17.7840,14.7660,10.8780,8.0010,USW00093184,33.68,-117.8664,17,CA
USW00093193,4.2980,6.0640,7.8290,9.5430,13.2160,16.2540,19.1610,18.8540,16.4100,11.4670,6.1540,3.1560,USW00093193,36.78,-119.7194,102,CA
USW00093197,9.4660,9.5440,10.5350,11.3370,13.4440,15.3330,17.0010,17.5830,16.5820,14.0600,10.2690,8.3250,USW00093197,34.0158,-118.4514,53,CA
USW00093205,3.7980,5.2500,6.2150,7.0430,10.9010,13.9430,15.0000,15.2720,12.9310,9.2810,5.1200,2.5010,USW00093205,39.1019,-121.5678,19,CA
USW00093206,5.3100,6.3630,7.2110,7.1380,8.8740,10.6090,12.1590,12.2810,12.7090,9.6400,6.3860,3.8550,USW00093206,35.2372,-120.6414,61,CA
USW00093209,2.5290,4.5920,4.9860,5.2880,7.8860,9.8210,11.8430,12.1340,10.2070,6.6270,2.9810,0.5150,USW00093209,35.6697,-120.6283,247,CA
USW00093210,4.0800,6.0490,7.1260,8.7610,11.9420,16.0220,17.3870,17.0920,14.7730,11.0420,6.5310,3.1210,USW00093210,39.49,-121.6183,58,CA
USW00093225,3.9460,5.5160,6.3570,7.3450,10.8030,13.3710,15.0520,14.7480,13.0020,9.0160,5.3150,2.4910,USW00093225,38.6956,-121.5897,7,CA
USW00093227,3.3690,4.2660,4.5730,5.5650,7.7850,9.8110,11.4820,11.2600,9.9470,5.7480,3.7600,1.7600,USW00093227,38.2103,-122.2847,4,CA
USW00093228,6.3950,7.9130,8.8710,9.9720,11.7220,12.8200,14.1880,14.3580,14.0740,12.1780,8.5990,5.5870,USW00093228,37.6542,-122.115,13,CA
USW00093230,-7.7650,-7.1440,-5.1850,-3.1730,0.1490,2.2950,4.1680,3.5970,0.7860,-2.9430,-5.9480,-9.2350,USW00093230,38.8983,-119.9947,1925,CA
USW00093241,3.8140,5.7190,6.4200,7.8840,10.6110,13.2670,15.2940,14.6570,13.2670,9.8810,5.9300,2.8290,USW00093241,38.3775,-121.9575,33,CA
USW00093242,3.4100,5.2840,6.0830,7.2910,10.7400,14.5210,15.4830,15.1180,13.5970,9.2310,4.8310,1.8210,USW00093242,36.9878,-120.1106,77,CA
USW00094299,-6.9600,-5.4380,-3.5720,-1.7080,2.3020,4.7680,6.3670,6.0000,1.8550,-2.2110,-5.2490,-7.6790,USW00094299,41.4914,-120.5644,1334,CA
